"","local_date","next_area_fip","inflow_cases","next_area_active_cases","next_area_cmi","2013","2016","2020","2060","2068","2070","2090","2105","2110","2122","2158","2164","2170","2180","2230","2261","2282","6013","6053","6081","13063","30101","32003","34001","34015","35001","36029","39095","41007","41017","41051","42101","48029","49005","49035","49049","51700","53027","53033","53053","53057","53061","53063","53073"
"1",2020-05-09,2020,5.6767225248,190,3.60807442396895,NA,NA,NA,NA,NA,NA,0.5386769568,NA,0,1.286607168,NA,NA,3.8514384,NA,NA,NA,NA,NA,NA,NA,NA,NA,NA,NA,NA,NA,NA,NA,NA,NA,NA,NA,NA,NA,NA,NA,NA,NA,NA,NA,NA,NA,NA,NA
"2",2020-05-20,2020,6.5182163566,202,3.71196643040244,NA,NA,NA,NA,NA,NA,0.5471894437,NA,0.163043496,1.435099656,NA,NA,4.36395519,0.0089285709,NA,NA,NA,NA,NA,NA,NA,NA,NA,NA,NA,NA,NA,NA,NA,NA,NA,NA,NA,NA,NA,NA,NA,NA,NA,NA,NA,NA,NA,NA
"3",2020-05-27,2020,7.5246889794,203,3.73037241039911,NA,NA,NA,NA,NA,NA,0.4374560733,NA,0.1739130411,1.761066175,NA,NA,5.15225369,NA,NA,NA,NA,NA,NA,NA,NA,NA,NA,NA,NA,NA,NA,NA,NA,NA,NA,NA,NA,NA,NA,NA,NA,NA,NA,NA,NA,NA,NA,NA
"4",2020-05-28,2020,8.4581809077,207,3.75050111616307,NA,NA,NA,NA,NA,NA,0.4901007406,NA,0.2292263648,2.3393104,NA,NA,5.37150602,0.0280373823,NA,NA,NA,NA,NA,NA,NA,NA,NA,NA,NA,NA,NA,NA,NA,NA,NA,NA,NA,NA,NA,NA,NA,NA,NA,NA,NA,NA,NA,NA
"5",2020-05-30,2020,9.6981487093,210,3.67494092988361,NA,NA,NA,NA,NA,NA,0.899650363,NA,0.0967741863,3.68279136,NA,NA,5.0189328,NA,NA,NA,NA,NA,NA,NA,NA,NA,NA,NA,NA,NA,NA,NA,NA,NA,NA,NA,NA,NA,NA,NA,NA,NA,NA,NA,NA,NA,NA,NA
"6",2020-06-05,2020,14.3515036744,260,3.80218541159719,NA,NA,NA,NA,NA,NA,0.7743607674,NA,0.335755827,5.171930082,NA,NA,7.91639578,0.153061218,NA,NA,NA,NA,NA,NA,NA,NA,NA,NA,NA,NA,NA,NA,NA,NA,NA,NA,NA,NA,NA,NA,NA,NA,NA,NA,NA,NA,NA,NA
"7",2020-06-06,2020,15.1889522861,262,3.72927639415681,NA,NA,NA,NA,NA,NA,0.6535433031,NA,0.150455943,7.16415748,NA,NA,7.22079556,NA,NA,NA,NA,NA,NA,NA,NA,NA,NA,NA,NA,NA,NA,NA,NA,NA,NA,NA,NA,NA,NA,NA,NA,NA,NA,NA,NA,NA,NA,NA
"8",2020-06-04,2122,8.23911996856,61,3.91129193823979,NA,NA,6.198917498,NA,NA,NA,NA,NA,NA,NA,NA,NA,0.49173554,NA,NA,NA,NA,NA,NA,NA,NA,NA,NA,NA,NA,NA,NA,NA,NA,NA,NA,NA,NA,NA,NA,NA,NA,NA,1.54846693056,NA,NA,NA,NA,NA
"9",2020-06-05,2122,14.725941966,66,3.94223251098642,NA,NA,13.79070264,NA,NA,NA,NA,NA,NA,NA,NA,NA,0.935239326,NA,NA,NA,NA,NA,NA,NA,NA,NA,NA,NA,NA,NA,NA,NA,NA,NA,NA,NA,NA,NA,NA,NA,NA,NA,NA,NA,NA,NA,NA,NA
"10",2020-06-08,2122,6.7183633566,81,3.78458395685084,NA,NA,5.181220836,NA,NA,NA,NA,NA,NA,NA,NA,NA,0.3408284016,NA,NA,NA,NA,NA,NA,NA,NA,NA,NA,NA,NA,NA,NA,NA,NA,NA,NA,NA,NA,NA,NA,NA,NA,NA,1.196314119,NA,NA,NA,NA,NA
"11",2020-06-09,2122,7.805776258,83,3.84893485291445,NA,NA,5.580695476,NA,NA,NA,NA,NA,NA,NA,NA,NA,0.380038392,NA,NA,NA,NA,NA,NA,NA,NA,NA,NA,NA,NA,NA,NA,NA,NA,NA,NA,NA,NA,NA,NA,NA,NA,NA,1.84504239,NA,NA,NA,NA,NA
"12",2020-05-09,2261,1.393949659,NA,3.04752922952508,NA,NA,1.013278208,NA,NA,NA,0.198459963,NA,NA,0.049107146,NA,NA,0.133104342,NA,NA,NA,NA,NA,NA,NA,NA,NA,NA,NA,NA,NA,NA,NA,NA,NA,NA,NA,NA,NA,NA,NA,NA,NA,NA,NA,NA,NA,NA,NA
"13",2020-05-04,2122,1.4721248384,21,3.60509836878916,NA,NA,1.3526217465,NA,NA,NA,NA,NA,NA,NA,NA,NA,0.109602102,0.0099009899,NA,NA,NA,NA,NA,NA,NA,NA,NA,NA,NA,NA,NA,NA,NA,NA,NA,NA,NA,NA,NA,NA,NA,NA,NA,NA,NA,NA,NA,NA
"14",2020-05-07,2122,2.590092523,21,3.72239142356774,NA,NA,2.281687232,NA,NA,NA,0.195517233,NA,NA,NA,NA,NA,0.112888058,NA,NA,NA,NA,NA,NA,NA,NA,NA,NA,NA,NA,NA,NA,NA,NA,NA,NA,NA,NA,NA,NA,NA,NA,NA,NA,NA,NA,NA,NA,NA
"15",2020-05-10,2122,3.222113104,22,3.57037236857946,NA,NA,3.02970732,NA,NA,NA,NA,NA,0.035952066,NA,NA,NA,0.156453718,NA,NA,NA,NA,NA,NA,NA,NA,NA,NA,NA,NA,NA,NA,NA,NA,NA,NA,NA,NA,NA,NA,NA,NA,NA,NA,NA,NA,NA,NA,NA
"16",2020-05-12,2122,1.88271176,22,3.67654127465912,NA,NA,1.77847106,NA,NA,NA,NA,NA,NA,NA,NA,NA,0.1042407,NA,NA,NA,NA,NA,NA,NA,NA,NA,NA,NA,NA,NA,NA,NA,NA,NA,NA,NA,NA,NA,NA,NA,NA,NA,NA,NA,NA,NA,NA,NA
"17",2020-05-20,2013,0.020967398,NA,3.11593629964738,NA,NA,0.020967398,NA,NA,NA,NA,NA,NA,NA,NA,NA,NA,NA,NA,NA,NA,NA,NA,NA,NA,NA,NA,NA,NA,NA,NA,NA,NA,NA,NA,NA,NA,NA,NA,NA,NA,NA,NA,NA,NA,NA,NA,NA
"18",2020-05-27,2013,0.11941646,NA,1.73301797899238,NA,NA,0.020973148,NA,NA,NA,NA,NA,NA,NA,NA,NA,NA,NA,NA,NA,NA,NA,NA,NA,NA,NA,NA,NA,NA,NA,NA,NA,NA,NA,NA,NA,NA,NA,NA,NA,NA,NA,0.098443312,NA,NA,NA,NA,NA
"19",2020-05-28,2013,0.021362193,NA,0.953483682695198,NA,NA,0.021362193,NA,NA,NA,NA,NA,NA,NA,NA,NA,NA,NA,NA,NA,NA,NA,NA,NA,NA,NA,NA,NA,NA,NA,NA,NA,NA,NA,NA,NA,NA,NA,NA,NA,NA,NA,NA,NA,NA,NA,NA,NA
"20",2020-05-30,2013,0.0235347,NA,0.904996140205703,NA,NA,0.0235347,NA,NA,NA,NA,NA,NA,NA,NA,NA,NA,NA,NA,NA,NA,NA,NA,NA,NA,NA,NA,NA,NA,NA,NA,NA,NA,NA,NA,NA,NA,NA,NA,NA,NA,NA,NA,NA,NA,NA,NA,NA
"21",2020-06-02,2013,0.070047171,NA,0.817875247997993,NA,NA,0.025163136,NA,NA,NA,NA,NA,NA,NA,NA,NA,NA,NA,NA,NA,NA,NA,NA,NA,NA,NA,NA,NA,NA,NA,NA,NA,NA,NA,NA,NA,NA,NA,NA,NA,NA,NA,NA,0.044884035,NA,NA,NA,NA
"22",2020-06-06,2013,0.05679453476,NA,0.76932686256677,NA,NA,0.029554386,NA,NA,NA,NA,NA,NA,0.02724014876,NA,NA,NA,NA,NA,NA,NA,NA,NA,NA,NA,NA,NA,NA,NA,NA,NA,NA,NA,NA,NA,NA,NA,NA,NA,NA,NA,NA,NA,NA,NA,NA,NA,NA
"23",2020-05-05,2060,0.019200966,NA,2.44526587453061,NA,NA,0.019200966,NA,NA,NA,NA,NA,NA,NA,NA,NA,NA,NA,NA,NA,NA,NA,NA,NA,NA,NA,NA,NA,NA,NA,NA,NA,NA,NA,NA,NA,NA,NA,NA,NA,NA,NA,NA,NA,NA,NA,NA,NA
"24",2020-05-08,2060,0.17160504778,NA,1.99662201448195,NA,NA,0.01978337,NA,NA,NA,NA,NA,NA,NA,NA,NA,0.0045035,NA,NA,NA,NA,NA,NA,NA,NA,NA,NA,NA,NA,NA,NA,NA,NA,NA,NA,NA,NA,NA,NA,NA,NA,NA,0.085674312,NA,0.06164386578,NA,NA,NA
"25",2020-05-12,2060,0.04425974,NA,3.21472336141483,NA,NA,0.03952152,NA,NA,NA,NA,NA,NA,NA,NA,NA,0.00473822,NA,NA,NA,NA,NA,NA,NA,NA,NA,NA,NA,NA,NA,NA,NA,NA,NA,NA,NA,NA,NA,NA,NA,NA,NA,NA,NA,NA,NA,NA,NA
"26",2020-05-13,2060,0.0353799142,NA,2.44888189005228,NA,NA,0.01976285,NA,NA,NA,NA,NA,NA,0.010945264,NA,NA,0.0046718002,NA,NA,NA,NA,NA,NA,NA,NA,NA,NA,NA,NA,NA,NA,NA,NA,NA,NA,NA,NA,NA,NA,NA,NA,NA,NA,NA,NA,NA,NA,NA
"27",2020-05-19,2060,0.041735841,NA,2.75837824624911,NA,NA,0.041735841,NA,NA,NA,NA,NA,NA,NA,NA,NA,NA,NA,NA,NA,NA,NA,NA,NA,NA,NA,NA,NA,NA,NA,NA,NA,NA,NA,NA,NA,NA,NA,NA,NA,NA,NA,NA,NA,NA,NA,NA,NA
"28",2020-05-20,2060,0.020967398,NA,0.854435790714333,NA,NA,0.020967398,NA,NA,NA,NA,NA,NA,NA,NA,NA,NA,NA,NA,NA,NA,NA,NA,NA,NA,NA,NA,NA,NA,NA,NA,NA,NA,NA,NA,NA,NA,NA,NA,NA,NA,NA,NA,NA,NA,NA,NA,NA
"29",2020-05-22,2060,0.34091929981,NA,3.34397864292972,NA,NA,0.06397138202,NA,NA,NA,NA,NA,NA,0.009716592,NA,NA,0.00891340779,NA,NA,NA,NA,NA,NA,NA,NA,NA,0.065240361,NA,NA,NA,NA,NA,NA,NA,NA,NA,NA,NA,NA,NA,NA,NA,0.193077557,NA,NA,NA,NA,NA
"30",2020-05-23,2060,0.12491308424,NA,3.62706986223121,NA,NA,0.048325268,NA,NA,NA,NA,NA,NA,0.00930955224,NA,NA,NA,NA,NA,NA,NA,NA,NA,NA,NA,NA,0.067278264,NA,NA,NA,NA,NA,NA,NA,NA,NA,NA,NA,NA,NA,NA,NA,NA,NA,NA,NA,NA,NA
"31",2020-05-26,2060,0.04243309,NA,3.77096861756073,NA,NA,0.04243309,NA,NA,NA,NA,NA,NA,NA,NA,NA,NA,NA,NA,NA,NA,NA,NA,NA,NA,NA,NA,NA,NA,NA,NA,NA,NA,NA,NA,NA,NA,NA,NA,NA,NA,NA,NA,NA,NA,NA,NA,NA
"32",2020-05-27,2060,0.093791204,NA,3.62263324317929,NA,NA,0.020973148,NA,NA,NA,NA,NA,NA,NA,NA,NA,NA,NA,NA,NA,NA,NA,NA,NA,NA,NA,0.072818056,NA,NA,NA,NA,NA,NA,NA,NA,NA,NA,NA,NA,NA,NA,NA,NA,NA,NA,NA,NA,NA
"33",2020-05-28,2060,0.264439976636,NA,3.49713911304425,NA,NA,0.021362193,NA,NA,NA,0.02882946983,NA,NA,NA,NA,NA,NA,NA,NA,NA,NA,NA,NA,NA,NA,NA,0.072763313,NA,NA,NA,NA,NA,NA,NA,NA,NA,NA,NA,NA,NA,NA,NA,0.098747815,0.042737185806,NA,NA,NA,NA
"34",2020-05-29,2060,0.12688722277,NA,3.64490045517986,NA,NA,0.043433126,NA,NA,NA,NA,NA,NA,NA,NA,NA,0.00998915277,NA,NA,NA,NA,NA,NA,NA,NA,NA,0.073464944,NA,NA,NA,NA,NA,NA,NA,NA,NA,NA,NA,NA,NA,NA,NA,NA,NA,NA,NA,NA,NA
"35",2020-05-30,2060,0.173942915772,NA,3.65900978758925,NA,NA,0.0706041021,NA,NA,NA,NA,NA,NA,NA,NA,NA,0.01549053648,NA,NA,NA,NA,NA,NA,NA,NA,NA,NA,NA,NA,NA,NA,NA,NA,NA,NA,NA,NA,NA,NA,NA,NA,NA,NA,NA,NA,0.087848277192,NA,NA
"36",2020-05-31,2060,0.112406881,NA,3.74585471332968,NA,NA,0.024668325,NA,NA,NA,NA,NA,NA,NA,NA,NA,NA,NA,NA,NA,NA,NA,NA,NA,NA,NA,NA,NA,NA,NA,NA,NA,NA,NA,NA,NA,NA,NA,NA,NA,NA,NA,NA,NA,NA,0.087738556,NA,NA
"37",2020-06-01,2060,0.147130234,NA,2.52895194730146,NA,NA,0.047342148,NA,NA,NA,NA,NA,NA,0.02196263,NA,NA,NA,NA,NA,NA,NA,NA,NA,NA,NA,NA,0.077825456,NA,NA,NA,NA,NA,NA,NA,NA,NA,NA,NA,NA,NA,NA,NA,NA,NA,NA,NA,NA,NA
"38",2020-06-02,2060,0.33220089448,NA,3.77056773059052,NA,NA,0.100652301,NA,NA,NA,NA,NA,NA,0.04855276348,NA,NA,NA,NA,NA,NA,NA,NA,NA,NA,NA,NA,0.078947284,NA,NA,NA,NA,NA,NA,NA,NA,NA,NA,NA,NA,NA,NA,NA,0.104048546,NA,NA,NA,NA,NA
"39",2020-06-03,2060,0.1105794705,NA,3.34992052966574,NA,NA,0.1029335025,NA,NA,NA,NA,NA,NA,NA,NA,NA,0.007645968,NA,NA,NA,NA,NA,NA,NA,NA,NA,NA,NA,NA,NA,NA,NA,NA,NA,NA,NA,NA,NA,NA,NA,NA,NA,NA,NA,NA,NA,NA,NA
"40",2020-06-04,2060,0.23291205108,NA,3.7009108116346,NA,NA,0.12968453108,NA,NA,NA,NA,NA,NA,NA,NA,NA,NA,NA,NA,NA,NA,NA,NA,NA,NA,NA,NA,NA,NA,NA,NA,NA,NA,NA,NA,NA,NA,NA,NA,NA,NA,NA,0.10322752,NA,NA,NA,NA,NA
"41",2020-06-05,2060,0.409863421816,NA,3.34965663051065,NA,NA,0.0798688774,NA,NA,NA,NA,NA,NA,NA,NA,NA,NA,NA,NA,NA,NA,0.037077588,NA,0.084829439211,NA,NA,NA,NA,NA,NA,NA,NA,NA,NA,NA,NA,NA,NA,NA,NA,NA,NA,0.208087517205,NA,NA,NA,NA,NA
"42",2020-06-06,2060,0.522777708159,NA,3.75467144826313,NA,NA,0.059108772,NA,NA,NA,NA,NA,NA,NA,NA,NA,NA,NA,NA,NA,NA,NA,NA,NA,NA,NA,NA,NA,NA,NA,NA,NA,NA,NA,NA,NA,NA,NA,NA,NA,NA,NA,0.339970070159,NA,0.072466282,NA,NA,0.051232584
"43",2020-06-07,2060,0.029515376,NA,1.28628312811313,NA,NA,0.029515376,NA,NA,NA,NA,NA,NA,NA,NA,NA,NA,NA,NA,NA,NA,NA,NA,NA,NA,NA,NA,NA,NA,NA,NA,NA,NA,NA,NA,NA,NA,NA,NA,NA,NA,NA,NA,NA,NA,NA,NA,NA
"44",2020-06-08,2060,0.095844627,NA,2.40770660931914,NA,NA,0.087323931,NA,NA,NA,NA,NA,NA,NA,NA,NA,0.008520696,NA,NA,NA,NA,NA,NA,NA,NA,NA,NA,NA,NA,NA,NA,NA,NA,NA,NA,NA,NA,NA,NA,NA,NA,NA,NA,NA,NA,NA,NA,NA
"45",2020-06-09,2060,0.09326673881,NA,3.10092352747458,NA,NA,0.088116295,NA,NA,NA,NA,NA,NA,NA,NA,NA,NA,NA,NA,NA,NA,NA,NA,NA,NA,NA,NA,NA,NA,NA,NA,NA,NA,NA,NA,NA,NA,NA,NA,NA,NA,0.00515044381,NA,NA,NA,NA,NA,NA
"46",2020-06-10,2060,0.29259997692,NA,2.58767519888599,NA,NA,0.06044925892,NA,NA,NA,NA,NA,NA,NA,NA,NA,NA,NA,NA,NA,NA,NA,NA,NA,NA,NA,NA,NA,NA,NA,NA,NA,0.019379835,NA,NA,NA,NA,NA,NA,NA,NA,NA,0.212770883,NA,NA,NA,NA,NA
"47",2020-06-11,2060,0.23779911396,NA,2.79675019561037,NA,NA,0.12259254696,NA,NA,NA,NA,NA,NA,NA,NA,NA,0.008727612,NA,NA,NA,NA,NA,NA,NA,NA,NA,NA,NA,NA,NA,NA,NA,NA,NA,NA,NA,NA,NA,NA,NA,NA,NA,0.106478955,NA,NA,NA,NA,NA
"48",2020-06-12,2060,0.26550891499,NA,2.41848622900945,NA,NA,0.22146315499,NA,NA,NA,NA,NA,NA,0.0353482,NA,NA,0.00869756,NA,NA,NA,NA,NA,NA,NA,NA,NA,NA,NA,NA,NA,NA,NA,NA,NA,NA,NA,NA,NA,NA,NA,NA,NA,NA,NA,NA,NA,NA,NA
"49",2020-04-22,2068,0.3500111396,NA,2.16909020297035,NA,NA,0.0684491216,NA,NA,NA,0.267214818,NA,NA,NA,NA,NA,0.0143472,NA,NA,NA,NA,NA,NA,NA,NA,NA,NA,NA,NA,NA,NA,NA,NA,NA,NA,NA,NA,NA,NA,NA,NA,NA,NA,NA,NA,NA,NA,NA
"50",2020-04-23,2068,0.43265814702,NA,2.31849980723783,NA,NA,0.06860764962,NA,NA,NA,0.3448979976,NA,NA,NA,NA,NA,0.0191524998,NA,NA,NA,NA,NA,NA,NA,NA,NA,NA,NA,NA,NA,NA,NA,NA,NA,NA,NA,NA,NA,NA,NA,NA,NA,NA,NA,NA,NA,NA,NA
"51",2020-04-24,2068,0.42431374348,NA,3.18972435016439,NA,NA,0.10157947128,NA,NA,NA,0.2907488922,NA,NA,NA,NA,NA,0.03198538,NA,NA,NA,NA,NA,NA,NA,NA,NA,NA,NA,NA,NA,NA,NA,NA,NA,NA,NA,NA,NA,NA,NA,NA,NA,NA,NA,NA,NA,NA,NA
"52",2020-04-25,2068,0.395471983,NA,2.90768082487199,NA,NA,0.0350878,NA,NA,NA,0.319999992,NA,NA,0.009259251,NA,NA,0.03112494,NA,NA,NA,NA,NA,NA,NA,NA,NA,NA,NA,NA,NA,NA,NA,NA,NA,NA,NA,NA,NA,NA,NA,NA,NA,NA,NA,NA,NA,NA,NA
"53",2020-04-26,2068,0.6109725311,NA,2.38464050918627,NA,NA,0.250490976,NA,NA,NA,0.3016313931,NA,NA,NA,NA,NA,0.058850162,NA,NA,NA,NA,NA,NA,NA,NA,NA,NA,NA,NA,NA,NA,NA,NA,NA,NA,NA,NA,NA,NA,NA,NA,NA,NA,NA,NA,NA,NA,NA
"54",2020-04-27,2068,0.32412285238,NA,2.28772092996881,NA,NA,0.034726481,NA,NA,NA,0.2452570089,NA,NA,0.00984965738,NA,NA,0.0342897051,NA,NA,NA,NA,NA,NA,NA,NA,NA,NA,NA,NA,NA,NA,NA,NA,NA,NA,NA,NA,NA,NA,NA,NA,NA,NA,NA,NA,NA,NA,NA
"55",2020-04-28,2068,0.33789849942,NA,2.33529575362311,NA,NA,0.01752408,NA,NA,NA,0.305661672,NA,NA,NA,NA,NA,0.01471274742,NA,NA,NA,NA,NA,NA,NA,NA,NA,NA,NA,NA,NA,NA,NA,NA,NA,NA,NA,NA,NA,NA,NA,NA,NA,NA,NA,NA,NA,NA,NA
"56",2020-04-30,2068,0.26447907881,NA,2.14413149393038,NA,NA,0.0181517,NA,NA,NA,0.21709632,NA,NA,0.00959112381,NA,NA,0.019639935,NA,NA,NA,NA,NA,NA,NA,NA,NA,NA,NA,NA,NA,NA,NA,NA,NA,NA,NA,NA,NA,NA,NA,NA,NA,NA,NA,NA,NA,NA,NA
"57",2020-05-01,2068,0.682520124,NA,2.95352894268163,NA,NA,0.037443108,NA,NA,NA,0.622462816,NA,NA,NA,NA,NA,0.0226142,NA,NA,NA,NA,NA,NA,NA,NA,NA,NA,NA,NA,NA,NA,NA,NA,NA,NA,NA,NA,NA,NA,NA,NA,NA,NA,NA,NA,NA,NA,NA
"58",2020-05-02,2068,0.91665911108,NA,3.15583746371073,NA,NA,0.11846847838,NA,NA,NA,0.7679072727,NA,NA,NA,NA,NA,0.03028336,NA,NA,NA,NA,NA,NA,NA,NA,NA,NA,NA,NA,NA,NA,NA,NA,NA,NA,NA,NA,NA,NA,NA,NA,NA,NA,NA,NA,NA,NA,NA
"59",2020-05-03,2068,0.556360513,NA,2.10458606508009,NA,NA,0.120474024,NA,NA,NA,0.404566569,NA,NA,NA,NA,NA,0.03131992,NA,NA,NA,NA,NA,NA,NA,NA,NA,NA,NA,NA,NA,NA,NA,NA,NA,NA,NA,NA,NA,NA,NA,NA,NA,NA,NA,NA,NA,NA,NA
"60",2020-05-04,2068,0.52221413055,NA,2.20177804799278,NA,NA,0.11593893945,NA,NA,NA,0.3089459151,NA,NA,0.021084336,NA,NA,0.07624494,NA,NA,NA,NA,NA,NA,NA,NA,NA,NA,NA,NA,NA,NA,NA,NA,NA,NA,NA,NA,NA,NA,NA,NA,NA,NA,NA,NA,NA,NA,NA
"61",2020-05-05,2068,0.23563354614,NA,3.14938618802569,NA,NA,0.05760289614,NA,NA,NA,0.16869141,NA,NA,NA,NA,NA,0.00933924,NA,NA,NA,NA,NA,NA,NA,NA,NA,NA,NA,NA,NA,NA,NA,NA,NA,NA,NA,NA,NA,NA,NA,NA,NA,NA,NA,NA,NA,NA,NA
"62",2020-05-06,2068,0.46588369976,NA,2.3456484740307,NA,NA,0.11564773386,NA,NA,NA,0.3080912679,NA,NA,NA,NA,NA,0.042144698,NA,NA,NA,NA,NA,NA,NA,NA,NA,NA,NA,NA,NA,NA,NA,NA,NA,NA,NA,NA,NA,NA,NA,NA,NA,NA,NA,NA,NA,NA,NA
"63",2020-05-07,2068,0.48411545433,NA,2.62650201650045,NA,NA,0.07867893913,NA,NA,NA,0.3631034952,NA,NA,NA,NA,NA,0.04233302,NA,NA,NA,NA,NA,NA,NA,NA,NA,NA,NA,NA,NA,NA,NA,NA,NA,NA,NA,NA,NA,NA,NA,NA,NA,NA,NA,NA,NA,NA,NA
"64",2020-05-09,2068,1.171684915,NA,3.20951730703523,NA,NA,0.24814969,NA,NA,NA,0.850542525,NA,NA,NA,NA,NA,0.0729927,NA,NA,NA,NA,NA,NA,NA,NA,NA,NA,NA,NA,NA,NA,NA,NA,NA,NA,NA,NA,NA,NA,NA,NA,NA,NA,NA,NA,NA,NA,NA
"65",2020-05-10,2068,0.9952724418,NA,3.22304007756407,NA,NA,0.1452599438,NA,NA,NA,0.82828282,NA,NA,NA,NA,NA,0.021729678,NA,NA,NA,NA,NA,NA,NA,NA,NA,NA,NA,NA,NA,NA,NA,NA,NA,NA,NA,NA,NA,NA,NA,NA,NA,NA,NA,NA,NA,NA,NA
"66",2020-05-11,2068,0.3692057557,NA,2.18751347197268,NA,NA,0.0602282919,NA,NA,NA,0.2573221418,NA,NA,NA,NA,NA,0.051655322,NA,NA,NA,NA,NA,NA,NA,NA,NA,NA,NA,NA,NA,NA,NA,NA,NA,NA,NA,NA,NA,NA,NA,NA,NA,NA,NA,NA,NA,NA,NA
"67",2020-05-12,2068,0.3876320641,NA,2.85019524851813,NA,NA,0.0790432281,NA,NA,NA,0.262540056,NA,NA,0.02235772,NA,NA,0.02369106,NA,NA,NA,NA,NA,NA,NA,NA,NA,NA,NA,NA,NA,NA,NA,NA,NA,NA,NA,NA,NA,NA,NA,NA,NA,NA,NA,NA,NA,NA,NA
"68",2020-05-13,2068,0.3083360839,NA,2.87034814526984,NA,NA,0.0790514019,NA,NA,NA,0.1996521978,NA,NA,0.010945264,NA,NA,0.0186872202,NA,NA,NA,NA,NA,NA,NA,NA,NA,NA,NA,NA,NA,NA,NA,NA,NA,NA,NA,NA,NA,NA,NA,NA,NA,NA,NA,NA,NA,NA,NA
"69",2020-05-14,2068,0.6530059123,NA,3.23412098141804,NA,NA,0.0790677419,NA,NA,NA,0.5417246524,NA,NA,NA,NA,NA,0.032213518,NA,NA,NA,NA,NA,NA,NA,NA,NA,NA,NA,NA,NA,NA,NA,NA,NA,NA,NA,NA,NA,NA,NA,NA,NA,NA,NA,NA,NA,NA,NA
"70",2020-05-15,2068,0.8465321185,NA,3.09510517839707,NA,NA,0.1017320811,NA,NA,NA,0.7142856574,NA,NA,NA,NA,NA,0.03051438,NA,NA,NA,NA,NA,NA,NA,NA,NA,NA,NA,NA,NA,NA,NA,NA,NA,NA,NA,NA,NA,NA,NA,NA,NA,NA,NA,NA,NA,NA,NA
"71",2020-05-16,2068,1.220089816,NA,2.98067150162147,NA,NA,0.13060944,NA,NA,NA,1.023172876,NA,NA,NA,NA,NA,0.0663075,NA,NA,NA,NA,NA,NA,NA,NA,NA,NA,NA,NA,NA,NA,NA,NA,NA,NA,NA,NA,NA,NA,NA,NA,NA,NA,NA,NA,NA,NA,NA
"72",2020-05-17,2068,0.99567201565,NA,2.30372301460243,NA,NA,0.17346829305,NA,NA,NA,0.7533569026,NA,NA,NA,NA,NA,0.06884682,NA,NA,NA,NA,NA,NA,NA,NA,NA,NA,NA,NA,NA,NA,NA,NA,NA,NA,NA,NA,NA,NA,NA,NA,NA,NA,NA,NA,NA,NA,NA
"73",2020-05-18,2068,0.9942285712,NA,3.12498575462753,NA,NA,0.227586255,NA,NA,NA,0.7115585342,NA,NA,NA,NA,NA,0.055083782,NA,NA,NA,NA,NA,NA,NA,NA,NA,NA,NA,NA,NA,NA,NA,NA,NA,NA,NA,NA,NA,NA,NA,NA,NA,NA,NA,NA,NA,NA,NA
"74",2020-05-19,2068,0.84100462121,NA,2.70500621593887,NA,NA,0.14607554601,NA,NA,NA,0.6255567323,NA,0,NA,NA,NA,0.0693723429,NA,NA,NA,NA,NA,NA,NA,NA,NA,NA,NA,NA,NA,NA,NA,NA,NA,NA,NA,NA,NA,NA,NA,NA,NA,NA,NA,NA,NA,NA,NA
"75",2020-05-20,2068,0.79480205478,NA,3.11761774977215,NA,NA,0.18870657998,NA,NA,NA,0.5471894437,NA,NA,NA,NA,NA,0.0589060311,NA,NA,NA,NA,NA,NA,NA,NA,NA,NA,NA,NA,NA,NA,NA,NA,NA,NA,NA,NA,NA,NA,NA,NA,NA,NA,NA,NA,NA,NA,NA
"76",2020-05-21,2068,1.04055311504,NA,3.26384759512294,NA,NA,0.16709742394,NA,NA,NA,0.8114525212,NA,NA,NA,NA,NA,0.0620031699,NA,NA,NA,NA,NA,NA,NA,NA,NA,NA,NA,NA,NA,NA,NA,NA,NA,NA,NA,NA,NA,NA,NA,NA,NA,NA,NA,NA,NA,NA,NA
"77",2020-05-22,2068,1.6777194589,NA,3.00795807825011,NA,NA,0.4051514,NA,NA,NA,1.178977235,NA,NA,NA,NA,NA,0.0935908239,NA,NA,NA,NA,NA,NA,NA,NA,NA,NA,NA,NA,NA,NA,NA,NA,NA,NA,NA,NA,NA,NA,NA,NA,NA,NA,NA,NA,NA,NA,NA
"78",2020-05-23,2068,2.4807084615,NA,3.56350498961408,NA,NA,0.7973683158,NA,NA,NA,1.507948565,NA,NA,NA,NA,NA,0.1753915807,NA,NA,NA,NA,NA,NA,NA,NA,NA,NA,NA,NA,NA,NA,NA,NA,NA,NA,NA,NA,NA,NA,NA,NA,NA,NA,NA,NA,NA,NA,NA
"79",2020-05-24,2068,1.8324373944,NA,3.17393874317811,NA,NA,0.512690342,NA,NA,NA,1.183045729,NA,NA,NA,NA,NA,0.1367013234,NA,NA,NA,NA,NA,NA,NA,NA,NA,NA,NA,NA,NA,NA,NA,NA,NA,NA,NA,NA,NA,NA,NA,NA,NA,NA,NA,NA,NA,NA,NA
"80",2020-05-25,2068,1.3525658385,NA,2.91007654456208,NA,NA,0.334917616,NA,NA,NA,0.894075419,NA,NA,0.0397930725,NA,NA,0.083779731,NA,NA,NA,NA,NA,NA,NA,NA,NA,NA,NA,NA,NA,NA,NA,NA,NA,NA,NA,NA,NA,NA,NA,NA,NA,NA,NA,NA,NA,NA,NA
"81",2020-05-26,2068,0.9581351739,NA,3.22160191428979,NA,NA,0.212165653,NA,NA,NA,0.6719465279,NA,NA,NA,NA,NA,0.074022993,NA,NA,NA,NA,NA,NA,NA,NA,NA,NA,NA,NA,NA,NA,NA,NA,NA,NA,NA,NA,NA,NA,NA,NA,NA,NA,NA,NA,NA,NA,NA
"82",2020-05-27,2068,0.9013317884,NA,3.22266849112877,NA,NA,0.2307056227,NA,NA,NA,0.612438491,NA,NA,NA,NA,NA,0.0581876747,NA,NA,NA,NA,NA,NA,NA,NA,NA,NA,NA,NA,NA,NA,NA,NA,NA,NA,NA,NA,NA,NA,NA,NA,NA,NA,NA,NA,NA,NA,NA
"83",2020-05-28,2068,0.81821195283,NA,3.07929731596805,NA,NA,0.06408678393,NA,NA,NA,0.6919069489,NA,NA,NA,NA,NA,0.06221822,NA,NA,NA,NA,NA,NA,NA,NA,NA,NA,NA,NA,NA,NA,NA,NA,NA,NA,NA,NA,NA,NA,NA,NA,NA,NA,NA,NA,NA,NA,NA
"84",2020-05-29,2068,1.01562066229,NA,2.38118180398076,NA,NA,0.19544886009,NA,NA,NA,0.7352640822,NA,NA,NA,NA,NA,0.08490772,NA,NA,NA,NA,NA,NA,NA,NA,NA,NA,NA,NA,NA,NA,NA,NA,NA,NA,NA,NA,NA,NA,NA,NA,NA,NA,NA,NA,NA,NA,NA
"85",2020-05-30,2068,1.474307604,NA,3.16996914706349,NA,NA,0.32948559,NA,NA,NA,1.015734246,NA,NA,NA,NA,NA,0.129087768,NA,NA,NA,NA,NA,NA,NA,NA,NA,NA,NA,NA,NA,NA,NA,NA,NA,NA,NA,NA,NA,NA,NA,NA,NA,NA,NA,NA,NA,NA,NA
"86",2020-05-31,2068,0.97152701434,NA,3.26368089934654,NA,NA,0.1973468295,NA,NA,NA,0.6500534519,NA,NA,0.03575884214,NA,NA,0.0883678908,NA,NA,NA,NA,NA,NA,NA,NA,NA,NA,NA,NA,NA,NA,NA,NA,NA,NA,NA,NA,NA,NA,NA,NA,NA,NA,NA,NA,NA,NA,NA
"87",2020-06-01,2068,0.8212129753,NA,3.26273733951724,NA,NA,0.094684296,NA,NA,NA,0.6740819353,NA,NA,NA,NA,NA,0.052446744,NA,NA,NA,NA,NA,NA,NA,NA,NA,NA,NA,NA,NA,NA,NA,NA,NA,NA,NA,NA,NA,NA,NA,NA,NA,NA,NA,NA,NA,NA,NA
"88",2020-06-02,2068,1.1210163725,NA,3.56921859443782,NA,NA,0.251630874,NA,NA,NA,0.8171588625,NA,NA,NA,NA,NA,0.052226636,NA,NA,NA,NA,NA,NA,NA,NA,NA,NA,NA,NA,NA,NA,NA,NA,NA,NA,NA,NA,NA,NA,NA,NA,NA,NA,NA,NA,NA,NA,NA
"89",2020-06-03,2068,0.7075738447,NA,3.22389580245217,NA,NA,0.205867255,NA,NA,NA,0.4328928744,NA,NA,NA,NA,NA,0.0688137153,NA,NA,NA,NA,NA,NA,NA,NA,NA,NA,NA,NA,NA,NA,NA,NA,NA,NA,NA,NA,NA,NA,NA,NA,NA,NA,NA,NA,NA,NA,NA
"90",2020-06-04,2068,1.276302805356,NA,3.1158731731069,NA,NA,0.20749514,NA,NA,NA,0.5517844897,NA,NA,NA,NA,NA,0.0780532594,NA,NA,NA,NA,NA,NA,NA,0.12927962,NA,NA,NA,NA,NA,NA,NA,NA,NA,NA,NA,NA,NA,NA,NA,NA,NA,0.309690296256,NA,NA,NA,NA,NA
"91",2020-06-05,2068,1.2951405475,NA,3.55692845146258,NA,NA,0.3727217,NA,NA,NA,0.7456806901,NA,NA,NA,NA,NA,0.1767381574,NA,NA,NA,NA,NA,NA,NA,NA,NA,NA,NA,NA,NA,NA,NA,NA,NA,NA,NA,NA,NA,NA,NA,NA,NA,NA,NA,NA,NA,NA,NA
"92",2020-06-06,2068,1.5490678816,NA,3.62723801295182,NA,NA,0.6797519522,NA,NA,NA,0.6832498414,NA,NA,NA,NA,NA,0.186066088,NA,NA,NA,NA,NA,NA,NA,NA,NA,NA,NA,NA,NA,NA,NA,NA,NA,NA,NA,NA,NA,NA,NA,NA,NA,NA,NA,NA,NA,NA,NA
"93",2020-06-07,2068,1.6361937802,NA,3.16491073465063,NA,NA,0.47224682,NA,NA,NA,0.973347557,NA,NA,NA,NA,NA,0.1905994032,NA,NA,NA,NA,NA,NA,NA,NA,NA,NA,NA,NA,NA,NA,NA,NA,NA,NA,NA,NA,NA,NA,NA,NA,NA,NA,NA,NA,NA,NA,NA
"94",2020-06-08,2068,1.2265906208,NA,2.22757543390375,NA,NA,0.291079863,NA,NA,NA,0.722493005,NA,NA,NA,NA,NA,0.2130177528,NA,NA,NA,NA,NA,NA,NA,NA,NA,NA,NA,NA,NA,NA,NA,NA,NA,NA,NA,NA,NA,NA,NA,NA,NA,NA,NA,NA,NA,NA,NA
"95",2020-06-09,2068,1.4334972316,NA,3.41191595196796,NA,NA,0.352464897,NA,NA,NA,0.899650363,NA,NA,NA,NA,NA,0.1813819716,NA,NA,NA,NA,NA,NA,NA,NA,NA,NA,NA,NA,NA,NA,NA,NA,NA,NA,NA,NA,NA,NA,NA,NA,NA,NA,NA,NA,NA,NA,NA
"96",2020-06-10,2068,1.3480466141,NA,3.24052471924777,NA,NA,0.4231445,NA,NA,NA,0.6974789464,NA,NA,NA,NA,NA,0.2274231677,NA,NA,NA,NA,NA,NA,NA,NA,NA,NA,NA,NA,NA,NA,NA,NA,NA,NA,NA,NA,NA,NA,NA,NA,NA,NA,NA,NA,NA,NA,NA
"97",2020-06-11,2068,1.0488548958,NA,2.81348385351647,NA,NA,0.214537248,NA,NA,NA,0.7295863836,NA,NA,NA,NA,NA,0.1047312642,NA,NA,NA,NA,NA,NA,NA,NA,NA,NA,NA,NA,NA,NA,NA,NA,NA,NA,NA,NA,NA,NA,NA,NA,NA,NA,NA,NA,NA,NA,NA
"98",2020-06-12,2068,1.00565887761,NA,2.72964043727499,NA,NA,0.25310066901,NA,NA,NA,0.6220950486,NA,NA,NA,NA,NA,0.13046316,NA,NA,NA,NA,NA,NA,NA,NA,NA,NA,NA,NA,NA,NA,NA,NA,NA,NA,NA,NA,NA,NA,NA,NA,NA,NA,NA,NA,NA,NA,NA
"99",2020-04-27,2070,0.113149817,NA,2.24903220856792,NA,NA,0.034726481,NA,NA,NA,NA,NA,NA,NA,NA,NA,NA,NA,NA,NA,NA,NA,NA,NA,NA,NA,NA,NA,NA,NA,NA,NA,NA,NA,NA,NA,NA,NA,NA,NA,NA,NA,0.078423336,NA,NA,NA,NA,NA
"100",2020-05-08,2070,0.01978337,NA,3.3966913751387,NA,NA,0.01978337,NA,NA,NA,NA,NA,NA,NA,NA,NA,NA,NA,NA,NA,NA,NA,NA,NA,NA,NA,NA,NA,NA,NA,NA,NA,NA,NA,NA,NA,NA,NA,NA,NA,NA,NA,NA,NA,NA,NA,NA,NA
"101",2020-05-11,2070,0.02007616,NA,3.38011581859746,NA,NA,0.02007616,NA,NA,NA,NA,NA,NA,NA,NA,NA,NA,NA,NA,NA,NA,NA,NA,NA,NA,NA,NA,NA,NA,NA,NA,NA,NA,NA,NA,NA,NA,NA,NA,NA,NA,NA,NA,NA,NA,NA,NA,NA
"102",2020-05-12,2070,0.03567784,NA,3.51898564777247,NA,NA,0.01976076,NA,NA,NA,NA,NA,NA,0.01117886,NA,NA,0.00473822,NA,NA,NA,NA,NA,NA,NA,NA,NA,NA,NA,NA,NA,NA,NA,NA,NA,NA,NA,NA,NA,NA,NA,NA,NA,NA,NA,NA,NA,NA,NA
"103",2020-05-13,2070,0.01976285,NA,3.33788980660939,NA,NA,0.01976285,NA,NA,NA,NA,NA,NA,NA,NA,NA,NA,NA,NA,NA,NA,NA,NA,NA,NA,NA,NA,NA,NA,NA,NA,NA,NA,NA,NA,NA,NA,NA,NA,NA,NA,NA,NA,NA,NA,NA,NA,NA
"104",2020-05-17,2070,0.1876165226174,NA,2.84736614965472,NA,NA,0.02168361,NA,NA,NA,NA,NA,NA,NA,NA,NA,NA,NA,NA,NA,NA,NA,NA,NA,NA,NA,NA,NA,NA,0.043243265,NA,NA,NA,NA,NA,NA,0.0195077826174,NA,NA,NA,NA,NA,0.103181865,NA,NA,NA,NA,NA
"105",2020-05-18,2070,0.082758585,NA,3.51342072699917,NA,NA,0.082758585,NA,NA,NA,NA,NA,NA,NA,NA,NA,NA,NA,NA,NA,NA,NA,NA,NA,NA,NA,NA,NA,NA,NA,NA,NA,NA,NA,NA,NA,NA,NA,NA,NA,NA,NA,NA,NA,NA,NA,NA,NA
"106",2020-05-23,2070,0.024162634,NA,2.2203919109928,NA,NA,0.024162634,NA,NA,NA,NA,NA,NA,NA,NA,NA,NA,NA,NA,NA,NA,NA,NA,NA,NA,NA,NA,NA,NA,NA,NA,NA,NA,NA,NA,NA,NA,NA,NA,NA,NA,NA,NA,NA,NA,NA,NA,NA
"107",2020-05-25,2070,0.027256078,NA,2.46819474053988,NA,NA,0.022327868,NA,NA,NA,NA,NA,NA,NA,NA,NA,0.00492821,NA,NA,NA,NA,NA,NA,NA,NA,NA,NA,NA,NA,NA,NA,NA,NA,NA,NA,NA,NA,NA,NA,NA,NA,NA,NA,NA,NA,NA,NA,NA
"108",2020-05-26,2070,0.021216545,NA,3.35804287657818,NA,NA,0.021216545,NA,NA,NA,NA,NA,NA,NA,NA,NA,NA,NA,NA,NA,NA,NA,NA,NA,NA,NA,NA,NA,NA,NA,NA,NA,NA,NA,NA,NA,NA,NA,NA,NA,NA,NA,NA,NA,NA,NA,NA,NA
"109",2020-05-29,2070,0.048427691,NA,2.83306627808474,NA,NA,0.043433126,NA,NA,NA,NA,NA,NA,NA,NA,NA,0.004994565,NA,NA,NA,NA,NA,NA,NA,NA,NA,NA,NA,NA,NA,NA,NA,NA,NA,NA,NA,NA,NA,NA,NA,NA,NA,NA,NA,NA,NA,NA,NA
"110",2020-05-31,2070,0.024668325,NA,2.74517266413467,NA,NA,0.024668325,NA,NA,NA,NA,NA,NA,NA,NA,NA,NA,NA,NA,NA,NA,NA,NA,NA,NA,NA,NA,NA,NA,NA,NA,NA,NA,NA,NA,NA,NA,NA,NA,NA,NA,NA,NA,NA,NA,NA,NA,NA
"111",2020-06-01,2070,0.359790696,NA,3.35754261350006,NA,NA,0.047342148,NA,NA,NA,NA,NA,NA,NA,NA,NA,NA,NA,NA,NA,NA,NA,NA,NA,NA,NA,NA,NA,NA,NA,NA,NA,NA,NA,NA,NA,NA,NA,NA,NA,NA,NA,0.312448548,NA,NA,NA,NA,NA
"112",2020-06-02,2070,0.233260228,NA,3.41882188651144,NA,NA,0.025163136,NA,NA,NA,NA,NA,NA,NA,NA,NA,NA,NA,NA,NA,NA,NA,NA,NA,NA,NA,NA,NA,NA,NA,NA,NA,NA,NA,NA,NA,NA,NA,NA,NA,NA,NA,0.208097092,NA,NA,NA,NA,NA
"113",2020-06-03,2070,0.129246669,NA,2.72528591012697,NA,NA,0.0257335,NA,NA,NA,NA,NA,NA,NA,NA,NA,NA,NA,NA,NA,NA,NA,NA,NA,NA,NA,NA,NA,NA,NA,NA,NA,NA,NA,NA,NA,NA,NA,NA,NA,NA,NA,0.103513169,NA,NA,NA,NA,NA
"114",2020-06-05,2070,0.053006365629,NA,3.44000156600382,NA,NA,0.02662296,NA,NA,NA,NA,NA,NA,NA,NA,NA,NA,NA,NA,NA,NA,NA,NA,NA,NA,NA,NA,NA,NA,NA,NA,NA,NA,NA,NA,NA,NA,NA,NA,NA,NA,NA,NA,NA,NA,NA,0.026383405629,NA
"115",2020-06-06,2070,0.172434745,NA,3.35690670588681,NA,NA,0.059108772,NA,NA,NA,NA,NA,NA,NA,NA,NA,NA,NA,NA,NA,NA,NA,NA,NA,NA,NA,NA,NA,NA,NA,NA,NA,NA,NA,NA,NA,NA,NA,NA,NA,NA,NA,0.113325973,NA,NA,NA,NA,NA
"116",2020-06-08,2070,0.13182863481,NA,2.69096925963172,NA,NA,0.087323931,NA,NA,NA,NA,NA,NA,0.03598400781,NA,NA,0.008520696,NA,NA,NA,NA,NA,NA,NA,NA,NA,NA,NA,NA,NA,NA,NA,NA,NA,NA,NA,NA,NA,NA,NA,NA,NA,NA,NA,NA,NA,NA,NA
"117",2020-06-09,2070,0.088116295,NA,3.07913514864618,NA,NA,0.088116295,NA,NA,NA,NA,NA,NA,NA,NA,NA,NA,NA,NA,NA,NA,NA,NA,NA,NA,NA,NA,NA,NA,NA,NA,NA,NA,NA,NA,NA,NA,NA,NA,NA,NA,NA,NA,NA,NA,NA,NA,NA
"118",2020-06-10,2070,0.07794333992,NA,3.33797007427137,NA,NA,0.06044925892,NA,NA,NA,NA,NA,NA,NA,NA,NA,0.017494081,NA,NA,NA,NA,NA,NA,NA,NA,NA,NA,NA,NA,NA,NA,NA,NA,NA,NA,NA,NA,NA,NA,NA,NA,NA,NA,NA,NA,NA,NA,NA
"119",2020-06-11,2070,0.030648136,NA,3.02094262549127,NA,NA,0.030648136,NA,NA,NA,NA,NA,NA,NA,NA,NA,NA,NA,NA,NA,NA,NA,NA,NA,NA,NA,NA,NA,NA,NA,NA,NA,NA,NA,NA,NA,NA,NA,NA,NA,NA,NA,NA,NA,NA,NA,NA,NA
"120",2020-06-12,2070,0.14315896301,NA,3.50510173187614,NA,NA,0.09491282801,NA,NA,NA,NA,NA,NA,NA,NA,NA,NA,NA,NA,NA,NA,NA,NA,NA,NA,NA,NA,NA,NA,NA,NA,NA,NA,NA,NA,NA,NA,NA,NA,NA,NA,NA,NA,0.048246135,NA,NA,NA,NA
"121",2020-04-22,2090,0.642135761382,78,3.5134804425928,NA,NA,0.1540107184,NA,NA,NA,NA,NA,NA,NA,NA,NA,0.043041598,NA,NA,NA,NA,NA,NA,NA,NA,NA,NA,NA,NA,NA,NA,NA,NA,NA,NA,NA,NA,NA,NA,NA,NA,NA,0.445083444982,NA,NA,NA,NA,NA
"122",2020-04-23,2090,0.460338823147,78,3.47764197223706,NA,NA,0.171519282,NA,NA,NA,NA,NA,0.037709496,NA,NA,NA,0.028728758,NA,NA,NA,NA,NA,NA,NA,NA,NA,NA,NA,NA,NA,NA,NA,NA,NA,NA,NA,NA,NA,NA,NA,NA,NA,0.222381287147,NA,NA,NA,NA,NA
"123",2020-04-24,2090,0.224131086,78,3.60796473731349,NA,NA,0.169299004,NA,NA,NA,NA,NA,NA,NA,NA,NA,0.054832082,NA,NA,NA,NA,NA,NA,NA,NA,NA,NA,NA,NA,NA,NA,NA,NA,NA,NA,NA,NA,NA,NA,NA,NA,NA,NA,NA,NA,NA,NA,NA
"124",2020-04-25,2090,0.3654255116,78,3.44828730057515,NA,NA,0.2631578276,NA,NA,NA,NA,NA,NA,NA,NA,NA,0.102267684,NA,NA,NA,NA,NA,NA,NA,NA,NA,NA,NA,NA,NA,NA,NA,NA,NA,NA,NA,NA,NA,NA,NA,NA,NA,NA,NA,NA,NA,NA,NA
"125",2020-04-26,2090,0.921434826,79,2.89495751892104,NA,NA,0.196814268,NA,NA,NA,NA,NA,NA,NA,NA,NA,0.067904018,NA,NA,NA,NA,NA,NA,NA,NA,NA,NA,NA,NA,NA,NA,NA,NA,NA,NA,NA,NA,NA,NA,NA,NA,NA,0.65671654,NA,NA,NA,NA,NA
"126",2020-04-27,2090,1.11958662329,79,3.5560916800806,NA,NA,0.173632739,NA,NA,NA,NA,NA,NA,NA,NA,NA,0.083275017,NA,NA,NA,NA,NA,NA,NA,NA,NA,NA,NA,NA,NA,NA,NA,NA,NA,NA,NA,NA,NA,NA,NA,NA,NA,0.86267886729,NA,NA,NA,NA,NA
"127",2020-04-28,2090,0.968228967,80,3.58489046508163,NA,NA,0.2979093429,NA,NA,NA,NA,NA,NA,NA,NA,NA,0.0441382641,NA,NA,NA,NA,NA,NA,NA,NA,NA,NA,NA,NA,NA,NA,NA,NA,NA,NA,NA,NA,NA,NA,NA,NA,NA,0.62618136,NA,NA,NA,NA,NA
"128",2020-04-30,2090,0.81987007278,80,3.59251188180554,NA,NA,0.2541231,NA,NA,NA,NA,NA,0.0368852373,NA,NA,NA,0.049099827,NA,NA,NA,NA,NA,NA,NA,NA,NA,NA,NA,NA,NA,NA,NA,NA,NA,NA,NA,NA,NA,NA,NA,NA,NA,0.47976190848,NA,NA,NA,NA,NA
"129",2020-05-01,2090,0.721872325644,80,3.67712573558486,NA,NA,0.262101756,NA,NA,NA,NA,NA,NA,NA,NA,NA,0.05427408,NA,NA,NA,NA,NA,NA,NA,NA,NA,NA,NA,NA,NA,NA,NA,NA,NA,NA,NA,NA,NA,NA,NA,NA,NA,0.405496489644,NA,NA,NA,NA,NA
"130",2020-05-02,2090,0.5301679461,81,3.61456906673963,NA,NA,0.4146395241,NA,NA,NA,NA,NA,0.0376569,NA,NA,NA,0.077871522,NA,NA,NA,NA,NA,NA,NA,NA,NA,NA,NA,NA,NA,NA,NA,NA,NA,NA,NA,NA,NA,NA,NA,NA,NA,NA,NA,NA,NA,NA,NA
"131",2020-05-03,2090,1.038419606,81,3.33715160552356,NA,NA,0.341342946,NA,NA,NA,NA,NA,NA,NA,NA,NA,0.06263982,NA,NA,NA,NA,NA,NA,NA,NA,NA,NA,NA,NA,NA,NA,NA,NA,NA,NA,NA,NA,NA,NA,NA,NA,NA,0.63443684,NA,NA,NA,NA,NA
"132",2020-05-04,2090,1.23343066682,81,3.6480985469057,NA,NA,0.25120114,NA,NA,NA,NA,NA,NA,NA,NA,NA,0.12866334,NA,NA,NA,NA,NA,NA,NA,NA,NA,NA,NA,NA,NA,NA,NA,NA,NA,NA,NA,NA,NA,NA,NA,NA,NA,0.85356618682,NA,NA,NA,NA,NA
"133",2020-05-05,2090,0.771424523696,81,3.66011140918858,NA,NA,0.24961293,NA,NA,NA,NA,NA,NA,NA,NA,NA,0.093392478,NA,NA,NA,NA,NA,NA,NA,NA,NA,NA,NA,NA,NA,NA,NA,NA,NA,NA,NA,NA,NA,NA,NA,NA,NA,0.428419115696,NA,NA,NA,NA,NA
"134",2020-05-06,2090,0.330176542,81,3.64439042599398,NA,NA,0.2505699,NA,NA,NA,NA,NA,NA,NA,NA,NA,0.079606642,NA,NA,NA,NA,NA,NA,NA,NA,NA,NA,NA,NA,NA,NA,NA,NA,NA,NA,NA,NA,NA,NA,NA,NA,NA,NA,NA,NA,NA,NA,NA
"135",2020-05-07,2090,0.704194760342,81,3.68063763715938,NA,NA,0.295045795,NA,NA,NA,NA,NA,NA,NA,NA,NA,0.06585136,NA,NA,NA,NA,NA,NA,NA,NA,NA,NA,NA,NA,NA,NA,NA,NA,NA,NA,NA,NA,NA,NA,NA,NA,NA,0.343297605342,NA,NA,NA,NA,NA
"136",2020-05-08,2090,0.609143600948,81,3.71411753442375,NA,NA,0.1582673457,NA,NA,NA,NA,NA,NA,NA,NA,NA,0.02251746,NA,NA,NA,NA,NA,NA,NA,NA,NA,NA,NA,NA,NA,NA,NA,NA,NA,NA,NA,NA,NA,NA,NA,NA,NA,0.428358795248,NA,NA,NA,NA,NA
"137",2020-05-09,2090,0.321931804,81,3.64039080066401,NA,NA,0.22747066,NA,NA,NA,NA,NA,NA,NA,NA,NA,0.094461144,NA,NA,NA,NA,NA,NA,NA,NA,NA,NA,NA,NA,NA,NA,NA,NA,NA,NA,NA,NA,NA,NA,NA,NA,NA,NA,NA,NA,NA,NA,NA
"138",2020-05-10,2090,0.470114424,82,3.48639821196368,NA,NA,0.35277414,NA,NA,NA,NA,NA,NA,NA,NA,NA,0.117340284,NA,NA,NA,NA,NA,NA,NA,NA,NA,NA,NA,NA,NA,NA,NA,NA,NA,NA,NA,NA,NA,NA,NA,NA,NA,NA,NA,NA,NA,NA,NA
"139",2020-05-11,2090,0.469375957,82,3.70170886851385,NA,NA,0.361369379,NA,NA,NA,NA,NA,NA,NA,NA,NA,0.108006578,NA,NA,NA,NA,NA,NA,NA,NA,NA,NA,NA,NA,NA,NA,NA,NA,NA,NA,NA,NA,NA,NA,NA,NA,NA,NA,NA,NA,NA,NA,NA
"140",2020-05-12,2090,1.024808977,82,3.5964545170758,NA,NA,0.296411799,NA,NA,NA,NA,NA,NA,NA,NA,NA,0.066335002,NA,NA,NA,NA,NA,NA,NA,NA,NA,NA,NA,NA,NA,NA,NA,NA,NA,NA,NA,NA,NA,NA,NA,NA,NA,0.662062176,NA,NA,NA,NA,NA
"141",2020-05-13,2090,1.49054383017,82,3.72333927000003,NA,NA,0.29644275,NA,NA,NA,NA,NA,NA,NA,NA,NA,0.084092496,NA,NA,NA,NA,NA,NA,NA,NA,NA,NA,NA,NA,NA,NA,NA,NA,NA,NA,NA,NA,NA,NA,NA,0.08816279017,NA,1.021845794,NA,NA,NA,NA,NA
"142",2020-05-14,2090,0.849958534,82,3.70095655372154,NA,NA,0.33603837,NA,NA,NA,NA,NA,NA,NA,NA,NA,0.05062126,NA,NA,NA,NA,NA,NA,NA,NA,NA,NA,NA,NA,NA,NA,NA,NA,NA,NA,NA,NA,NA,NA,NA,NA,NA,0.463298904,NA,NA,NA,NA,NA
"143",2020-05-15,2090,0.535701881,82,3.77320458372742,NA,NA,0.44762094,NA,NA,NA,NA,NA,NA,NA,NA,NA,0.078465556,0.009615385,NA,NA,NA,NA,NA,NA,NA,NA,NA,NA,NA,NA,NA,NA,NA,NA,NA,NA,NA,NA,NA,NA,NA,NA,NA,NA,NA,NA,NA,NA
"144",2020-05-16,2090,0.5659300965,82,3.70683637964161,NA,NA,0.4789014945,NA,NA,NA,NA,NA,NA,NA,NA,NA,0.087028602,NA,NA,NA,NA,NA,NA,NA,NA,NA,NA,NA,NA,NA,NA,NA,NA,NA,NA,NA,NA,NA,NA,NA,NA,NA,NA,NA,NA,NA,NA,NA
"145",2020-05-17,2090,0.6451895675,82,3.48363710277261,NA,NA,0.5204047095,NA,NA,NA,NA,NA,NA,NA,NA,NA,0.124784858,NA,NA,NA,NA,NA,NA,NA,NA,NA,NA,NA,NA,NA,NA,NA,NA,NA,NA,NA,NA,NA,NA,NA,NA,NA,NA,NA,NA,NA,NA,NA
"146",2020-05-18,2090,1.68963895287,82,3.7127665405684,NA,NA,0.47586201,NA,NA,NA,NA,NA,NA,NA,NA,NA,0.15148038,NA,NA,NA,NA,NA,NA,NA,NA,NA,NA,NA,NA,NA,NA,NA,NA,NA,NA,NA,NA,NA,NA,NA,NA,NA,1.06229656287,NA,NA,NA,NA,NA
"147",2020-05-19,2090,1.7408103458,83,3.74569665783549,NA,NA,0.5008304739,NA,NA,NA,NA,NA,0.04155126,NA,NA,NA,0.1189240269,NA,NA,NA,NA,NA,NA,NA,NA,NA,NA,NA,NA,NA,NA,NA,NA,NA,NA,NA,NA,NA,NA,NA,NA,NA,1.079504585,NA,NA,NA,NA,NA
"148",2020-05-20,2090,1.3264089318,83,3.74012977135506,NA,NA,0.356445968,NA,NA,NA,NA,NA,NA,NA,NA,NA,0.0834502158,NA,NA,NA,NA,NA,NA,NA,NA,NA,NA,NA,NA,NA,NA,NA,NA,NA,NA,NA,NA,NA,NA,NA,NA,NA,0.886512748,NA,NA,NA,NA,NA
"149",2020-05-21,2090,1.278990522791,83,3.79331913146089,NA,NA,0.5012924718,NA,NA,NA,NA,NA,0.04010694,NA,NA,NA,0.0620031699,NA,NA,NA,NA,NA,NA,NA,NA,NA,NA,NA,NA,NA,NA,NA,NA,NA,NA,NA,NA,NA,NA,NA,NA,NA,0.675587941091,NA,NA,NA,NA,NA
"150",2020-05-22,2090,1.6085467572,83,3.80129627201159,NA,NA,0.597065338,NA,NA,NA,NA,NA,NA,NA,NA,NA,0.1426145952,NA,NA,NA,NA,NA,NA,NA,NA,NA,NA,NA,NA,NA,NA,NA,NA,NA,NA,NA,NA,NA,NA,NA,NA,NA,0.868866824,NA,NA,NA,NA,NA
"151",2020-05-23,2090,2.53339808443,83,3.698610305501,NA,NA,0.9665071376,NA,NA,NA,NA,NA,NA,NA,NA,NA,0.1896125221,NA,NA,NA,NA,NA,NA,NA,NA,NA,NA,NA,NA,NA,NA,NA,NA,NA,NA,NA,NA,NA,NA,NA,NA,NA,1.37727842473,NA,NA,NA,NA,NA
"152",2020-05-24,2090,2.8072104167,83,3.56184659322491,NA,NA,1.049794606,NA,NA,NA,NA,NA,NA,NA,NA,NA,0.2148163867,NA,NA,NA,NA,NA,NA,NA,NA,NA,NA,NA,NA,NA,NA,NA,NA,NA,NA,NA,NA,NA,NA,NA,NA,NA,1.542599424,NA,NA,NA,NA,NA
"153",2020-05-25,2090,2.09326107436,83,3.31373289325499,NA,NA,0.60285183,NA,NA,NA,NA,NA,0,0.0994827025,NA,NA,0.1872723411,NA,NA,NA,NA,NA,NA,NA,NA,NA,NA,NA,NA,NA,NA,NA,NA,NA,NA,NA,NA,NA,NA,NA,NA,NA,1.20365420076,NA,NA,NA,NA,NA
"154",2020-05-26,2090,1.7130606393,83,3.73434279591109,NA,NA,0.6577132807,NA,NA,NA,NA,NA,NA,NA,NA,NA,0.1586207006,NA,NA,NA,NA,NA,NA,NA,NA,NA,NA,NA,NA,NA,NA,NA,NA,NA,NA,NA,NA,NA,NA,NA,NA,NA,0.896726658,NA,NA,NA,NA,NA
"155",2020-05-27,2090,1.266704054816,83,3.73459499664411,NA,NA,0.4823846573,NA,NA,NA,NA,NA,NA,NA,NA,NA,0.0952161843,NA,NA,NA,NA,NA,NA,NA,NA,NA,NA,NA,NA,NA,NA,NA,NA,NA,NA,NA,NA,NA,NA,NA,NA,NA,0.689103213216,NA,NA,NA,NA,NA
"156",2020-05-28,2090,1.8619203183,83,3.73958264641836,NA,NA,0.448606881,NA,NA,NA,NA,NA,NA,NA,NA,NA,0.1296212863,NA,NA,NA,NA,NA,NA,NA,NA,NA,NA,NA,NA,NA,NA,NA,NA,NA,NA,NA,NA,NA,NA,NA,NA,NA,1.283692151,NA,NA,NA,NA,NA
"157",2020-05-29,2090,1.8558822684,83,3.82383660579787,NA,NA,0.5211970731,NA,NA,NA,NA,NA,NA,NA,NA,NA,0.1098805703,0.03030303,NA,NA,NA,NA,NA,NA,NA,NA,NA,NA,NA,NA,NA,NA,NA,NA,NA,NA,NA,NA,NA,NA,NA,NA,1.194501595,NA,NA,NA,NA,NA
"158",2020-05-30,2090,0.5710833282,83,3.75656578196756,NA,NA,0.447159069,NA,NA,NA,NA,NA,NA,NA,NA,NA,0.1239242592,NA,NA,NA,NA,NA,NA,NA,NA,NA,NA,NA,NA,NA,NA,NA,NA,NA,NA,NA,NA,NA,NA,NA,NA,NA,NA,NA,NA,NA,NA,NA
"159",2020-05-31,2090,0.7813326778,83,3.59071720318048,NA,NA,0.567371925,NA,NA,NA,NA,NA,0.049848942,NA,NA,NA,0.1641118108,NA,NA,NA,NA,NA,NA,NA,NA,NA,NA,NA,NA,NA,NA,NA,NA,NA,NA,NA,NA,NA,NA,NA,NA,NA,NA,NA,NA,NA,NA,NA
"160",2020-06-01,2090,2.09029821674,83,3.76139401105656,NA,NA,0.331395264,NA,NA,NA,NA,NA,NA,NA,NA,NA,0.1966752452,NA,NA,NA,NA,NA,NA,NA,NA,NA,NA,NA,NA,NA,NA,NA,NA,NA,NA,NA,NA,NA,NA,NA,NA,NA,1.56222770754,NA,NA,NA,NA,NA
"161",2020-06-02,2090,2.90670766227,83,3.76695630334399,NA,NA,0.402609447,NA,NA,NA,NA,NA,NA,NA,NA,NA,0.1109815812,NA,NA,NA,NA,NA,NA,NA,NA,NA,NA,NA,NA,NA,NA,NA,NA,NA,NA,NA,NA,NA,NA,NA,NA,NA,2.39311663407,NA,NA,NA,NA,NA
"162",2020-06-03,2090,3.03030880409,83,3.77424276704314,NA,NA,0.59186825,NA,NA,NA,NA,NA,0.0964912443,NA,NA,NA,0.1682112927,NA,NA,NA,NA,NA,NA,NA,NA,NA,NA,NA,NA,NA,NA,NA,NA,NA,NA,NA,NA,NA,NA,NA,NA,NA,2.17373801709,NA,NA,NA,NA,NA
"163",2020-06-04,2090,2.39326845996,83,3.76289090334655,NA,NA,0.5446748314,NA,NA,NA,NA,NA,NA,NA,NA,NA,0.093663914,NA,NA,NA,NA,NA,NA,NA,NA,NA,NA,NA,NA,NA,NA,NA,NA,NA,NA,NA,NA,NA,NA,NA,NA,NA,1.75492971456,NA,NA,NA,NA,NA
"164",2020-06-05,2090,2.62332078845,83,3.84205327853357,NA,NA,0.55908242,NA,NA,NA,NA,NA,NA,NA,NA,NA,0.1914663114,NA,NA,NA,NA,NA,NA,NA,NA,NA,NA,NA,NA,NA,NA,NA,NA,NA,NA,NA,NA,NA,NA,NA,NA,NA,1.87277205705,NA,NA,NA,NA,NA
"165",2020-06-06,2090,2.87684545241,83,3.74774230664404,NA,NA,0.8275238822,NA,NA,NA,NA,NA,NA,NA,NA,NA,0.2361608108,NA,NA,NA,NA,NA,NA,NA,NA,NA,NA,NA,NA,NA,NA,NA,NA,NA,NA,NA,NA,NA,NA,NA,NA,NA,1.81316075941,NA,NA,NA,NA,NA
"166",2020-06-07,2090,2.820275320317,83,3.62067476557712,NA,NA,0.8264316268,NA,NA,NA,NA,NA,NA,NA,NA,NA,0.2272531066,NA,NA,NA,NA,NA,NA,NA,NA,NA,NA,NA,NA,NA,NA,0.142248067917,NA,NA,NA,NA,NA,NA,NA,NA,NA,NA,1.624342519,NA,NA,NA,NA,NA
"167",2020-06-08,2090,2.2530356082,83,3.75589310673732,NA,NA,0.523943586,NA,NA,NA,NA,NA,NA,NA,NA,NA,0.3152662452,NA,NA,NA,NA,NA,NA,NA,NA,NA,NA,NA,NA,NA,NA,NA,NA,NA,NA,NA,NA,NA,NA,NA,NA,NA,1.413825777,NA,NA,NA,NA,NA
"168",2020-06-09,2090,2.7921384374,83,3.79740049158512,NA,NA,0.822418376,NA,NA,NA,NA,NA,NA,NA,NA,NA,0.2332053684,NA,NA,NA,NA,NA,NA,NA,NA,NA,NA,NA,NA,NA,NA,NA,NA,NA,NA,NA,NA,NA,NA,NA,NA,NA,1.736514693,NA,NA,NA,NA,NA
"169",2020-06-10,2090,2.89621398409,83,3.80085550583177,NA,NA,0.6649415532,NA,NA,NA,NA,NA,NA,NA,NA,NA,0.2099290904,NA,NA,NA,NA,NA,NA,NA,NA,NA,NA,NA,NA,NA,NA,NA,NA,NA,NA,NA,NA,NA,NA,NA,NA,NA,2.02134334049,NA,NA,NA,NA,NA
"170",2020-06-11,2090,2.73035127813,86,3.77612446823347,NA,NA,0.6129633416,NA,NA,NA,NA,NA,NA,NA,NA,NA,0.2007349582,NA,NA,NA,NA,NA,NA,NA,NA,NA,NA,NA,NA,NA,NA,NA,NA,NA,NA,NA,NA,NA,NA,NA,NA,NA,1.91665297833,NA,NA,NA,NA,NA
"171",2020-06-12,2090,1.935568376,87,3.84690824328696,NA,NA,0.696026982,NA,NA,NA,NA,NA,NA,NA,NA,NA,0.269623844,NA,NA,NA,NA,NA,NA,NA,NA,NA,NA,NA,NA,NA,NA,NA,NA,NA,NA,NA,NA,NA,NA,NA,NA,NA,0.96991755,NA,NA,NA,NA,NA
"172",2020-05-02,2105,0.0950585497,NA,2.47954049308197,NA,NA,0.019744747,NA,NA,NA,NA,NA,0.0753138027,NA,NA,NA,NA,NA,NA,NA,NA,NA,NA,NA,NA,NA,NA,NA,NA,NA,NA,NA,NA,NA,NA,NA,NA,NA,NA,NA,NA,NA,NA,NA,NA,NA,NA,NA
"173",2020-05-04,2105,0.2047628113,NA,2.87647105778711,NA,NA,0.01932325,NA,NA,NA,NA,NA,0.1854395613,NA,NA,NA,NA,NA,NA,NA,NA,NA,NA,NA,NA,NA,NA,NA,NA,NA,NA,NA,NA,NA,NA,NA,NA,NA,NA,NA,NA,NA,NA,NA,NA,NA,NA,NA
"174",2020-04-22,2122,1.01980090522,19,3.52046808991145,NA,NA,0.889839536,NA,NA,NA,0.05344294722,NA,NA,NA,NA,NA,0.076518422,NA,NA,NA,NA,NA,NA,NA,NA,NA,NA,NA,NA,NA,NA,NA,NA,NA,NA,NA,NA,NA,NA,NA,NA,NA,NA,NA,NA,NA,NA,NA
"175",2020-04-23,2122,1.1476055262,19,3.44752031645069,NA,NA,1.0805717682,NA,NA,NA,NA,NA,NA,NA,NA,NA,0.067033758,NA,NA,NA,NA,NA,NA,NA,NA,NA,NA,NA,NA,NA,NA,NA,NA,NA,NA,NA,NA,NA,NA,NA,NA,NA,NA,NA,NA,NA,NA,NA
"176",2020-04-24,2122,2.007847754,19,3.71643336066189,NA,NA,1.879219584,NA,NA,NA,NA,NA,0.03724137,NA,NA,NA,0.0913868,NA,NA,NA,NA,NA,NA,NA,NA,NA,NA,NA,NA,NA,NA,NA,NA,NA,NA,NA,NA,NA,NA,NA,NA,NA,NA,NA,NA,NA,NA,NA
"177",2020-04-25,2122,3.41950808,19,3.62067853582266,NA,NA,3.21052632,NA,NA,NA,NA,NA,NA,NA,NA,NA,0.20898176,NA,NA,NA,NA,NA,NA,NA,NA,NA,NA,NA,NA,NA,NA,NA,NA,NA,NA,NA,NA,NA,NA,NA,NA,NA,NA,NA,NA,NA,NA,NA
"178",2020-04-26,2122,1.866825552,19,3.29495358100012,NA,NA,1.735544432,NA,NA,NA,NA,NA,NA,NA,NA,NA,0.13128112,NA,NA,NA,NA,NA,NA,NA,NA,NA,NA,NA,NA,NA,NA,NA,NA,NA,NA,NA,NA,NA,NA,NA,NA,NA,NA,NA,NA,NA,NA,NA
"179",2020-04-27,2122,1.1299701535,19,3.63502757761161,NA,NA,1.0417966177,NA,NA,NA,NA,NA,0,NA,NA,NA,0.0881735358,NA,NA,NA,NA,NA,NA,NA,NA,NA,NA,NA,NA,NA,NA,NA,NA,NA,NA,NA,NA,NA,NA,NA,NA,NA,NA,NA,NA,NA,NA,NA
"180",2020-04-28,2122,1.2203003451,19,3.69839457059116,NA,NA,1.104017211,NA,NA,NA,NA,NA,0.03781512,NA,NA,NA,0.0784680141,NA,NA,NA,NA,NA,NA,NA,NA,NA,NA,NA,NA,NA,NA,NA,NA,NA,NA,NA,NA,NA,NA,NA,NA,NA,NA,NA,NA,NA,NA,NA
"181",2020-04-30,2122,2.185193591,19,3.63344737486832,NA,NA,2.0329841,NA,NA,NA,NA,NA,NA,NA,NA,NA,0.152209491,NA,NA,NA,NA,NA,NA,NA,NA,NA,NA,NA,NA,NA,NA,NA,NA,NA,NA,NA,NA,NA,NA,NA,NA,NA,NA,NA,NA,NA,NA,NA
"182",2020-05-01,2122,4.038184308,20,3.72535605282655,NA,NA,3.87536204,NA,NA,NA,NA,NA,0,NA,NA,NA,0.162822268,NA,NA,NA,NA,NA,NA,NA,NA,NA,NA,NA,NA,NA,NA,NA,NA,NA,NA,NA,NA,NA,NA,NA,NA,NA,NA,NA,NA,NA,NA,NA
"183",2020-05-02,2122,5.9725023726,20,3.74647881452119,NA,NA,5.686483878,NA,NA,NA,NA,NA,0.1129706946,NA,NA,NA,0.1730478,NA,NA,NA,NA,NA,NA,NA,NA,NA,NA,NA,NA,NA,NA,NA,NA,NA,NA,NA,NA,NA,NA,NA,NA,NA,NA,NA,NA,NA,NA,NA
"184",2020-05-03,2122,1.952358186,21,3.27787478104601,NA,NA,1.867347006,NA,NA,NA,NA,NA,NA,NA,NA,NA,0.08501118,NA,NA,NA,NA,NA,NA,NA,NA,NA,NA,NA,NA,NA,NA,NA,NA,NA,NA,NA,NA,NA,NA,NA,NA,NA,NA,NA,NA,NA,NA,NA
"185",2020-05-05,2122,2.542649682,21,3.75534103285904,NA,NA,1.958501136,NA,NA,NA,NA,NA,0,NA,NA,NA,0.070044362,NA,NA,NA,NA,NA,NA,NA,NA,NA,NA,NA,NA,NA,NA,NA,NA,NA,NA,NA,NA,NA,NA,NA,NA,NA,0.514104184,NA,NA,NA,NA,NA
"186",2020-05-06,2122,2.51206242131,20,3.79169611497571,NA,NA,1.88891184,NA,NA,NA,0,NA,NA,NA,NA,NA,0.10302036,NA,NA,NA,NA,NA,NA,NA,NA,NA,NA,NA,NA,NA,NA,NA,NA,NA,NA,NA,NA,NA,NA,NA,NA,NA,0.52013022131,NA,NA,NA,NA,NA
"187",2020-05-08,2122,4.688990706,21,3.81460455588281,NA,NA,4.49083715,NA,NA,NA,NA,NA,NA,NA,NA,NA,0.198153556,NA,NA,NA,NA,NA,NA,NA,NA,NA,NA,NA,NA,NA,NA,NA,NA,NA,NA,NA,NA,NA,NA,NA,NA,NA,NA,NA,NA,NA,NA,NA
"188",2020-05-09,2122,6.18394897,22,3.73374724573967,NA,NA,5.93491505,NA,NA,NA,NA,NA,NA,NA,NA,NA,0.24903392,NA,NA,NA,NA,NA,NA,NA,NA,NA,NA,NA,NA,NA,NA,NA,NA,NA,NA,NA,NA,NA,NA,NA,NA,NA,NA,NA,NA,NA,NA,NA
"189",2020-05-11,2122,2.163865996,22,3.69171196481403,NA,NA,2.0276838,NA,NA,NA,NA,NA,NA,NA,NA,NA,0.136182196,NA,NA,NA,NA,NA,NA,NA,NA,NA,NA,NA,NA,NA,NA,NA,NA,NA,NA,NA,NA,NA,NA,NA,NA,NA,NA,NA,NA,NA,NA,NA
"190",2020-05-13,2122,2.288557004,22,3.80791991714997,NA,NA,2.13438742,NA,NA,NA,NA,NA,NA,NA,NA,NA,0.154169584,NA,NA,NA,NA,NA,NA,NA,NA,NA,NA,NA,NA,NA,NA,NA,NA,NA,NA,NA,NA,NA,NA,NA,NA,NA,NA,NA,NA,NA,NA,NA
"191",2020-05-14,2122,2.429665802,22,3.80440148805295,NA,NA,2.27320009,NA,NA,NA,NA,NA,NA,NA,NA,NA,0.156465712,NA,NA,NA,NA,NA,NA,NA,NA,NA,NA,NA,NA,NA,NA,NA,NA,NA,NA,NA,NA,NA,NA,NA,NA,NA,NA,NA,NA,NA,NA,NA
"192",2020-05-15,2122,6.61398088,22,3.88938271537365,NA,NA,6.28704102,NA,NA,NA,NA,NA,NA,NA,NA,NA,0.32693986,NA,NA,NA,NA,NA,NA,NA,NA,NA,NA,NA,NA,NA,NA,NA,NA,NA,NA,NA,NA,NA,NA,NA,NA,NA,NA,NA,NA,NA,NA,NA
"193",2020-05-16,2122,7.730693275,22,3.78622546164458,NA,NA,7.444742175,NA,NA,NA,NA,NA,0,NA,NA,NA,0.2859511,NA,NA,NA,NA,NA,NA,NA,NA,NA,NA,NA,NA,NA,NA,NA,NA,NA,NA,NA,NA,NA,NA,NA,NA,NA,NA,NA,NA,NA,NA,NA
"194",2020-05-17,2122,4.977086273,22,3.49000443426698,NA,NA,4.792060455,NA,NA,NA,NA,NA,NA,NA,NA,NA,0.185025818,NA,NA,NA,NA,NA,NA,NA,NA,NA,NA,NA,NA,NA,NA,NA,NA,NA,NA,NA,NA,NA,NA,NA,NA,NA,NA,NA,NA,NA,NA,NA
"195",2020-05-18,2122,3.156215261,22,3.81134705375689,NA,NA,2.213793075,NA,NA,NA,NA,NA,NA,NA,NA,NA,0.169841648,NA,NA,NA,NA,NA,NA,NA,NA,NA,NA,NA,NA,NA,NA,NA,NA,NA,NA,NA,NA,NA,NA,NA,NA,NA,0.772580538,NA,NA,NA,NA,NA
"196",2020-05-19,2122,2.7470526819,24,3.84760394070366,NA,NA,2.566756734,NA,NA,NA,NA,NA,0.04155126,NA,NA,NA,0.1387446879,NA,NA,NA,NA,NA,NA,NA,NA,NA,NA,NA,NA,NA,NA,NA,NA,NA,NA,NA,NA,NA,NA,NA,NA,NA,NA,NA,NA,NA,NA,NA
"197",2020-05-20,2122,3.0113141961,24,3.829894432905,NA,NA,2.893502136,NA,NA,NA,NA,NA,NA,NA,NA,NA,0.1178120601,NA,NA,NA,NA,NA,NA,NA,NA,NA,NA,NA,NA,NA,NA,NA,NA,NA,NA,NA,NA,NA,NA,NA,NA,NA,NA,NA,NA,NA,NA,NA
"198",2020-05-21,2122,5.166056023,24,3.78926914829907,NA,NA,3.885016914,NA,NA,NA,NA,NA,NA,NA,NA,NA,0.219395862,NA,NA,NA,NA,NA,NA,NA,NA,NA,NA,NA,NA,NA,NA,NA,NA,NA,NA,NA,NA,NA,NA,NA,NA,NA,1.061643247,NA,NA,NA,NA,NA
"199",2020-05-22,2122,10.262897481,24,3.9001883516296,NA,NA,9.723636024,NA,NA,NA,NA,NA,NA,NA,NA,NA,0.539261457,NA,NA,NA,NA,NA,NA,NA,NA,NA,NA,NA,NA,NA,NA,NA,NA,NA,NA,NA,NA,NA,NA,NA,NA,NA,NA,NA,NA,NA,NA,NA
"200",2020-05-23,2122,12.148423946,24,3.79185904229238,NA,NA,11.622249174,NA,NA,NA,NA,NA,0,NA,NA,NA,0.526174772,NA,NA,NA,NA,NA,NA,NA,NA,NA,NA,NA,NA,NA,NA,NA,NA,NA,NA,NA,NA,NA,NA,NA,NA,NA,NA,NA,NA,NA,NA,NA
"201",2020-05-24,2122,6.953020924,24,3.54291748719049,NA,NA,6.640560726,NA,NA,NA,NA,NA,NA,NA,NA,NA,0.312460198,NA,NA,NA,NA,NA,NA,NA,NA,NA,NA,NA,NA,NA,NA,NA,NA,NA,NA,NA,NA,NA,NA,NA,NA,NA,NA,NA,NA,NA,NA,NA
"202",2020-05-25,2122,4.292980611,25,3.69244195726282,NA,NA,4.0859954,NA,NA,NA,NA,NA,NA,NA,NA,NA,0.206985211,NA,NA,NA,NA,NA,NA,NA,NA,NA,NA,NA,NA,NA,NA,NA,NA,NA,NA,NA,NA,NA,NA,NA,NA,NA,NA,NA,NA,NA,NA,NA
"203",2020-05-26,2122,3.457560153,25,3.82718625845548,NA,NA,3.224916464,NA,NA,NA,NA,NA,NA,NA,NA,NA,0.232643689,NA,NA,NA,NA,NA,NA,NA,NA,NA,NA,NA,NA,NA,NA,NA,NA,NA,NA,NA,NA,NA,NA,NA,NA,NA,NA,NA,NA,NA,NA,NA
"204",2020-05-27,2122,3.4832310383,25,3.86933780824986,NA,NA,3.292798649,NA,NA,NA,NA,NA,NA,NA,NA,NA,0.1904323893,NA,NA,NA,NA,NA,NA,NA,NA,NA,NA,NA,NA,NA,NA,NA,NA,NA,NA,NA,NA,NA,NA,NA,NA,NA,NA,NA,NA,NA,NA,NA
"205",2020-05-28,2122,4.991287776,32,3.89557428459213,NA,NA,4.742414919,NA,NA,NA,NA,NA,NA,NA,NA,NA,0.248872857,0,NA,NA,NA,NA,NA,NA,NA,NA,NA,NA,NA,NA,NA,NA,NA,NA,NA,NA,NA,NA,NA,NA,NA,NA,NA,NA,NA,NA,NA,NA
"206",2020-05-29,2122,8.984783303,34,3.9103270893547,NA,NA,8.53460069,NA,NA,NA,NA,NA,NA,NA,NA,NA,0.389576553,0.06060606,NA,NA,NA,NA,NA,NA,NA,NA,NA,NA,NA,NA,NA,NA,NA,NA,NA,NA,NA,NA,NA,NA,NA,NA,NA,NA,NA,NA,NA,NA
"207",2020-05-30,2122,10.70590518,36,3.77019136463875,NA,NA,10.16698452,NA,NA,NA,NA,NA,0.048387108,NA,NA,NA,0.490533552,NA,NA,NA,NA,NA,NA,NA,NA,NA,NA,NA,NA,NA,NA,NA,NA,NA,NA,NA,NA,NA,NA,NA,NA,NA,NA,NA,NA,NA,NA,NA
"208",2020-05-31,2122,6.192978382,43,3.63096869769325,NA,NA,5.87106675,NA,NA,NA,NA,NA,NA,NA,NA,NA,0.321911632,NA,NA,NA,NA,NA,NA,NA,NA,NA,NA,NA,NA,NA,NA,NA,NA,NA,NA,NA,NA,NA,NA,NA,NA,NA,NA,NA,NA,NA,NA,NA
"209",2020-06-01,2122,4.720056688,47,3.83566414641087,NA,NA,4.379152908,NA,NA,NA,NA,NA,NA,NA,NA,NA,0.34090378,NA,NA,NA,NA,NA,NA,NA,NA,NA,NA,NA,NA,NA,NA,NA,NA,NA,NA,NA,NA,NA,NA,NA,NA,NA,NA,NA,NA,NA,NA,NA
"210",2020-06-02,2122,5.090240397,52,3.81767262672725,NA,NA,4.604846112,NA,NA,NA,0.145921221,NA,NA,NA,NA,NA,0.339473064,NA,NA,NA,NA,NA,NA,NA,NA,NA,NA,NA,NA,NA,NA,NA,NA,NA,NA,NA,NA,NA,NA,NA,NA,NA,NA,NA,NA,NA,NA,NA
"211",2020-06-03,2122,5.353695805,58,3.86495396360018,NA,NA,4.9408135,NA,NA,NA,NA,NA,NA,NA,NA,NA,0.412882305,NA,NA,NA,NA,NA,NA,NA,NA,NA,NA,NA,NA,NA,NA,NA,NA,NA,NA,NA,NA,NA,NA,NA,NA,NA,NA,NA,NA,NA,NA,NA
"212",2020-06-06,2122,19.037251616,76,3.84371871293881,NA,NA,18.028200874,NA,NA,NA,NA,NA,NA,NA,NA,NA,1.009050742,NA,NA,NA,NA,NA,NA,NA,NA,NA,NA,NA,NA,NA,NA,NA,NA,NA,NA,NA,NA,NA,NA,NA,NA,NA,NA,NA,NA,NA,NA,NA
"213",2020-06-07,2122,9.699586136,77,3.76693607006963,NA,NA,9.149780228,NA,NA,NA,NA,NA,NA,NA,NA,NA,0.549805908,NA,NA,NA,NA,NA,NA,NA,NA,NA,NA,NA,NA,NA,NA,NA,NA,NA,NA,NA,NA,NA,NA,NA,NA,NA,NA,NA,NA,NA,NA,NA
"214",2020-06-10,2122,9.95923905,92,3.88009210507188,NA,NA,7.556153204,NA,NA,NA,0.08718486,NA,NA,NA,NA,NA,0.507328608,NA,NA,NA,NA,NA,NA,NA,NA,NA,NA,NA,NA,NA,NA,NA,NA,NA,NA,NA,NA,NA,NA,NA,NA,NA,1.808572378,NA,NA,NA,NA,NA
"215",2020-06-11,2122,11.065813752,95,3.9063525943896,NA,NA,10.297784352,NA,NA,NA,NA,NA,NA,NA,NA,NA,0.7680294,NA,NA,NA,NA,NA,NA,NA,NA,NA,NA,NA,NA,NA,NA,NA,NA,NA,NA,NA,NA,NA,NA,NA,NA,NA,NA,NA,NA,NA,NA,NA
"216",2020-06-12,2122,20.518104651,100,3.94698046661322,NA,NA,19.109102691,NA,NA,NA,NA,NA,NA,NA,NA,NA,1.40900196,NA,NA,NA,NA,NA,NA,NA,NA,NA,NA,NA,NA,NA,NA,NA,NA,NA,NA,NA,NA,NA,NA,NA,NA,NA,NA,NA,NA,NA,NA,NA
"217",2020-05-14,2158,0.0243689698,NA,2.47496369690039,NA,NA,0.01976703,NA,NA,NA,NA,NA,NA,NA,NA,NA,0.0046019398,NA,NA,NA,NA,NA,NA,NA,NA,NA,NA,NA,NA,NA,NA,NA,NA,NA,NA,NA,NA,NA,NA,NA,NA,NA,NA,NA,NA,NA,NA,NA
"218",2020-05-18,2158,0.04596970785,NA,2.64172041823227,NA,NA,0.04137938805,NA,NA,NA,NA,NA,NA,NA,NA,NA,0.0045903198,NA,NA,NA,NA,NA,NA,NA,NA,NA,NA,NA,NA,NA,NA,NA,NA,NA,NA,NA,NA,NA,NA,NA,NA,NA,NA,NA,NA,NA,NA,NA
"219",2020-05-19,2158,0.020868021,NA,2.47164521069431,NA,NA,0.020868021,NA,NA,NA,NA,NA,NA,NA,NA,NA,NA,NA,NA,NA,NA,NA,NA,NA,NA,NA,NA,NA,NA,NA,NA,NA,NA,NA,NA,NA,NA,NA,NA,NA,NA,NA,NA,NA,NA,NA,NA,NA
"220",2020-06-01,2158,0.077954394,NA,2.64378937046439,NA,NA,0.047342148,NA,NA,NA,NA,NA,NA,NA,NA,NA,NA,0.030612246,NA,NA,NA,NA,NA,NA,NA,NA,NA,NA,NA,NA,NA,NA,NA,NA,NA,NA,NA,NA,NA,NA,NA,NA,NA,NA,NA,NA,NA,NA
"221",2020-06-03,2158,0.0257335,NA,2.49010884750443,NA,NA,0.0257335,NA,NA,NA,NA,NA,NA,NA,NA,NA,NA,0,NA,NA,NA,NA,NA,NA,NA,NA,NA,NA,NA,NA,NA,NA,NA,NA,NA,NA,NA,NA,NA,NA,NA,NA,NA,NA,NA,NA,NA,NA
"222",2020-06-04,2158,0.10722238224,NA,2.47825897195196,NA,NA,0.07781061654,NA,NA,NA,NA,NA,NA,NA,NA,NA,NA,0.0294117657,NA,NA,NA,NA,NA,NA,NA,NA,NA,NA,NA,NA,NA,NA,NA,NA,NA,NA,NA,NA,NA,NA,NA,NA,NA,NA,NA,NA,NA,NA
"223",2020-06-05,2158,0.05324592,NA,2.51853113986812,NA,NA,0.05324592,NA,NA,NA,NA,NA,NA,NA,NA,NA,NA,NA,NA,NA,NA,NA,NA,NA,NA,NA,NA,NA,NA,NA,NA,NA,NA,NA,NA,NA,NA,NA,NA,NA,NA,NA,NA,NA,NA,NA,NA,NA
"224",2020-06-10,2158,0.12089851492,NA,2.35322722084404,NA,NA,0.12089851492,NA,NA,NA,NA,NA,NA,NA,NA,NA,NA,NA,NA,NA,NA,NA,NA,NA,NA,NA,NA,NA,NA,NA,NA,NA,NA,NA,NA,NA,NA,NA,NA,NA,NA,NA,NA,NA,NA,NA,NA,NA
"225",2020-06-11,2158,0.12259254696,NA,2.5154377872315,NA,NA,0.12259254696,NA,NA,NA,NA,NA,NA,NA,NA,NA,NA,NA,NA,NA,NA,NA,NA,NA,NA,NA,NA,NA,NA,NA,NA,NA,NA,NA,NA,NA,NA,NA,NA,NA,NA,NA,NA,NA,NA,NA,NA,NA
"226",2020-06-12,2158,0.031637508,NA,2.55380525242198,NA,NA,0.031637508,NA,NA,NA,NA,NA,NA,NA,NA,NA,NA,NA,NA,NA,NA,NA,NA,NA,NA,NA,NA,NA,NA,NA,NA,NA,NA,NA,NA,NA,NA,NA,NA,NA,NA,NA,NA,NA,NA,NA,NA,NA
"227",2020-04-22,2164,0.044341779,NA,2.54106398442849,NA,NA,0.03422464,NA,NA,NA,NA,NA,NA,0.010117139,NA,NA,NA,NA,NA,NA,NA,NA,NA,NA,NA,NA,NA,NA,NA,NA,NA,NA,NA,NA,NA,NA,NA,NA,NA,NA,NA,NA,NA,NA,NA,NA,NA,NA
"228",2020-05-02,2164,0.019744747,NA,2.75112843297227,NA,NA,0.019744747,NA,NA,NA,NA,NA,NA,NA,NA,NA,NA,NA,NA,NA,NA,NA,NA,NA,NA,NA,NA,NA,NA,NA,NA,NA,NA,NA,NA,NA,NA,NA,NA,NA,NA,NA,NA,NA,NA,NA,NA,NA
"229",2020-05-16,2164,0.02176824,NA,3.68852546187028,NA,NA,0.02176824,NA,NA,NA,NA,NA,NA,NA,NA,NA,NA,NA,NA,NA,NA,NA,NA,NA,NA,NA,NA,NA,NA,NA,NA,NA,NA,NA,NA,NA,NA,NA,NA,NA,NA,NA,NA,NA,NA,NA,NA,NA
"230",2020-05-20,2164,0.020967398,NA,3.35326928215866,NA,NA,0.020967398,NA,NA,NA,NA,NA,NA,NA,NA,NA,NA,NA,NA,NA,NA,NA,NA,NA,NA,NA,NA,NA,NA,NA,NA,NA,NA,NA,NA,NA,NA,NA,NA,NA,NA,NA,NA,NA,NA,NA,NA,NA
"231",2020-05-21,2164,0.025656682,NA,3.14249803864798,NA,NA,0.020887204,NA,NA,NA,NA,NA,NA,NA,NA,NA,0.004769478,NA,NA,NA,NA,NA,NA,NA,NA,NA,NA,NA,NA,NA,NA,NA,NA,NA,NA,NA,NA,NA,NA,NA,NA,NA,NA,NA,NA,NA,NA,NA
"232",2020-05-22,2164,0.031040318,NA,2.65383241024384,NA,NA,0.021323726,NA,NA,NA,NA,NA,NA,0.009716592,NA,NA,NA,NA,NA,NA,NA,NA,NA,NA,NA,NA,NA,NA,NA,NA,NA,NA,NA,NA,NA,NA,NA,NA,NA,NA,NA,NA,NA,NA,NA,NA,NA,NA
"233",2020-05-26,2164,0.05945754475,NA,3.10729438432933,NA,NA,0.04243309,NA,NA,NA,NA,NA,NA,0.01173709975,NA,NA,0.005287355,NA,NA,NA,NA,NA,NA,NA,NA,NA,NA,NA,NA,NA,NA,NA,NA,NA,NA,NA,NA,NA,NA,NA,NA,NA,NA,NA,NA,NA,NA,NA
"234",2020-05-28,2164,0.041259677,NA,3.13865285712293,NA,NA,0.021362193,NA,NA,NA,NA,NA,NA,0.01471264,NA,NA,0.005184844,NA,NA,NA,NA,NA,NA,NA,NA,NA,NA,NA,NA,NA,NA,NA,NA,NA,NA,NA,NA,NA,NA,NA,NA,NA,NA,NA,NA,NA,NA,NA
"235",2020-05-30,2164,0.03902523648,NA,3.18797955740001,NA,NA,0.0235347,NA,NA,NA,NA,NA,NA,NA,NA,NA,0.01549053648,NA,NA,NA,NA,NA,NA,NA,NA,NA,NA,NA,NA,NA,NA,NA,NA,NA,NA,NA,NA,NA,NA,NA,NA,NA,NA,NA,NA,NA,NA,NA
"236",2020-05-31,2164,0.024668325,NA,2.71540973639767,NA,NA,0.024668325,NA,NA,NA,NA,NA,NA,NA,NA,NA,NA,NA,NA,NA,NA,NA,NA,NA,NA,NA,NA,NA,NA,NA,NA,NA,NA,NA,NA,NA,NA,NA,NA,NA,NA,NA,NA,NA,NA,NA,NA,NA
"237",2020-06-01,2164,0.067596401,NA,3.10664432997123,NA,NA,0.023671188,NA,NA,NA,NA,NA,NA,0.043925213,NA,NA,NA,NA,NA,NA,NA,NA,NA,NA,NA,NA,NA,NA,NA,NA,NA,NA,NA,NA,NA,NA,NA,NA,NA,NA,NA,NA,NA,NA,NA,NA,NA,NA
"238",2020-06-06,2164,0.950736779739,NA,3.25565000090866,NA,NA,0.08866316062,NA,NA,NA,NA,NA,NA,NA,NA,NA,NA,NA,NA,NA,NA,NA,NA,NA,NA,NA,NA,0.128756898837,0.112053405167,NA,NA,NA,NA,NA,NA,0.507937342115,NA,NA,NA,NA,NA,NA,0.113325973,NA,NA,NA,NA,NA
"239",2020-06-07,2164,0.059030752,NA,3.01998293233796,NA,NA,0.059030752,NA,NA,NA,NA,NA,NA,NA,NA,NA,NA,NA,NA,NA,NA,NA,NA,NA,NA,NA,NA,NA,NA,NA,NA,NA,NA,NA,NA,NA,NA,NA,NA,NA,NA,NA,NA,NA,NA,NA,NA,NA
"240",2020-06-08,2164,0.13182863481,NA,2.79388714681621,NA,NA,0.087323931,NA,NA,NA,NA,NA,NA,0.03598400781,NA,NA,0.008520696,NA,NA,NA,NA,NA,NA,NA,NA,NA,NA,NA,NA,NA,NA,NA,NA,NA,NA,NA,NA,NA,NA,NA,NA,NA,NA,NA,NA,NA,NA,NA
"241",2020-06-09,2164,0.066146482,NA,2.7939341313665,NA,NA,0.029372004,NA,NA,NA,NA,NA,NA,0.036774478,NA,NA,NA,NA,NA,NA,NA,NA,NA,NA,NA,NA,NA,NA,NA,NA,NA,NA,NA,NA,NA,NA,NA,NA,NA,NA,NA,NA,NA,NA,NA,NA,NA,NA
"242",2020-06-10,2164,0.06919631792,NA,2.31285860044528,NA,NA,0.06044925892,NA,NA,NA,NA,NA,NA,NA,NA,NA,0.008747059,NA,NA,NA,NA,NA,NA,NA,NA,NA,NA,NA,NA,NA,NA,NA,NA,NA,NA,NA,NA,NA,NA,NA,NA,NA,NA,NA,NA,NA,NA,NA
"243",2020-06-11,2164,0.24476066105,NA,2.89747194584214,NA,NA,0.061296272,NA,NA,NA,NA,NA,NA,0.07698543405,NA,NA,NA,NA,NA,NA,NA,NA,NA,NA,NA,NA,NA,NA,NA,NA,NA,NA,NA,NA,NA,NA,NA,NA,NA,NA,NA,NA,0.106478955,NA,NA,NA,NA,NA
"244",2020-06-12,2164,0.031637508,NA,2.71457647813451,NA,NA,0.031637508,NA,NA,NA,NA,NA,NA,NA,NA,NA,NA,NA,NA,NA,NA,NA,NA,NA,NA,NA,NA,NA,NA,NA,NA,NA,NA,NA,NA,NA,NA,NA,NA,NA,NA,NA,NA,NA,NA,NA,NA,NA
"245",2020-04-22,2180,0.02189472,1,2.9132290737392,NA,NA,0.01711232,NA,NA,NA,NA,NA,NA,NA,NA,NA,0.0047824,NA,NA,NA,NA,NA,NA,NA,NA,NA,NA,NA,NA,NA,NA,NA,NA,NA,NA,NA,NA,NA,NA,NA,NA,NA,NA,NA,NA,NA,NA,NA
"246",2020-04-24,2180,0.016929884,1,2.59044087665854,NA,NA,0.016929884,NA,NA,NA,NA,NA,NA,NA,NA,NA,NA,NA,NA,NA,NA,NA,NA,NA,NA,NA,NA,NA,NA,NA,NA,NA,NA,NA,NA,NA,NA,NA,NA,NA,NA,NA,NA,NA,NA,NA,NA,NA
"247",2020-04-27,2180,0.017363324,1,2.58498032136208,NA,NA,0.017363324,NA,NA,NA,NA,NA,NA,NA,NA,NA,NA,NA,NA,NA,NA,NA,NA,NA,NA,NA,NA,NA,NA,NA,NA,NA,NA,NA,NA,NA,NA,NA,NA,NA,NA,NA,NA,NA,NA,NA,NA,NA
"248",2020-05-04,2180,0.059730651,1,2.71859308292471,NA,NA,0.038646315,NA,NA,NA,NA,NA,NA,0.021084336,NA,NA,NA,NA,NA,NA,NA,NA,NA,NA,NA,NA,NA,NA,NA,NA,NA,NA,NA,NA,NA,NA,NA,NA,NA,NA,NA,NA,NA,NA,NA,NA,NA,NA
"249",2020-05-06,2180,0.019274622,1,2.71228305790828,NA,NA,0.019274622,NA,NA,NA,NA,NA,NA,NA,NA,NA,NA,NA,NA,NA,NA,NA,NA,NA,NA,NA,NA,NA,NA,NA,NA,NA,NA,NA,NA,NA,NA,NA,NA,NA,NA,NA,NA,NA,NA,NA,NA,NA
"250",2020-05-13,2180,0.0592885519,1,2.88737649716421,NA,NA,0.0592885519,NA,NA,NA,NA,NA,NA,NA,NA,NA,NA,NA,NA,NA,NA,NA,NA,NA,NA,NA,NA,NA,NA,NA,NA,NA,NA,NA,NA,NA,NA,NA,NA,NA,NA,NA,NA,NA,NA,NA,NA,NA
"251",2020-05-15,2180,0.020346495,1,2.97987559921828,NA,NA,0.020346495,NA,NA,NA,NA,NA,NA,NA,NA,NA,NA,NA,NA,NA,NA,NA,NA,NA,NA,NA,NA,NA,NA,NA,NA,NA,NA,NA,NA,NA,NA,NA,NA,NA,NA,NA,NA,NA,NA,NA,NA,NA
"252",2020-05-17,2180,0.02168361,1,2.34538430371703,NA,NA,0.02168361,NA,NA,NA,NA,NA,NA,NA,NA,NA,NA,NA,NA,NA,NA,NA,NA,NA,NA,NA,NA,NA,NA,NA,NA,NA,NA,NA,NA,NA,NA,NA,NA,NA,NA,NA,NA,NA,NA,NA,NA,NA
"253",2020-05-20,2180,0.10974582219,1,2.79851866038171,NA,NA,0.10483698798,NA,NA,NA,NA,NA,NA,NA,NA,NA,0.00490883421,NA,NA,NA,NA,NA,NA,NA,NA,NA,NA,NA,NA,NA,NA,NA,NA,NA,NA,NA,NA,NA,NA,NA,NA,NA,NA,NA,NA,NA,NA,NA
"254",2020-05-21,2180,0.062661612,1,2.8957963334388,NA,NA,0.062661612,NA,NA,NA,NA,NA,NA,NA,NA,NA,NA,NA,NA,NA,NA,NA,NA,NA,NA,NA,NA,NA,NA,NA,NA,NA,NA,NA,NA,NA,NA,NA,NA,NA,NA,NA,NA,NA,NA,NA,NA,NA
"255",2020-05-22,2180,0.042647452,2,2.77247075081593,NA,NA,0.042647452,NA,NA,NA,NA,NA,NA,NA,NA,NA,NA,NA,NA,NA,NA,NA,NA,NA,NA,NA,NA,NA,NA,NA,NA,NA,NA,NA,NA,NA,NA,NA,NA,NA,NA,NA,NA,NA,NA,NA,NA,NA
"256",2020-05-23,2180,0.024162634,3,2.66847279890754,NA,NA,0.024162634,NA,NA,NA,NA,NA,NA,NA,NA,NA,NA,NA,NA,NA,NA,NA,NA,NA,NA,NA,NA,NA,NA,NA,NA,NA,NA,NA,NA,NA,NA,NA,NA,NA,NA,NA,NA,NA,NA,NA,NA,NA
"257",2020-05-25,2180,0.191219323987,3,2.67573371247813,NA,NA,0.044655736,NA,NA,NA,NA,NA,NA,NA,NA,NA,NA,NA,NA,NA,NA,NA,NA,NA,NA,NA,NA,NA,NA,NA,NA,NA,NA,NA,0.037139823987,NA,NA,NA,NA,NA,NA,NA,0.109423764,NA,NA,NA,NA,NA
"258",2020-05-26,2180,0.06893699,3,2.83059431515924,NA,NA,0.063649635,NA,NA,NA,NA,NA,NA,NA,NA,NA,0.005287355,NA,NA,NA,NA,NA,NA,NA,NA,NA,NA,NA,NA,NA,NA,NA,NA,NA,NA,NA,NA,NA,NA,NA,NA,NA,NA,NA,NA,NA,NA,NA
"259",2020-05-27,2180,0.05013685717,3,2.3139825192927,NA,NA,0.020973148,NA,NA,NA,0.02916370917,NA,NA,NA,NA,NA,NA,NA,NA,NA,NA,NA,NA,NA,NA,NA,NA,NA,NA,NA,NA,NA,NA,NA,NA,NA,NA,NA,NA,NA,NA,NA,NA,NA,NA,NA,NA,NA
"260",2020-05-29,2180,0.121258978,3,3.03539216654714,NA,NA,0.021716563,NA,NA,NA,NA,NA,NA,NA,NA,NA,NA,NA,NA,NA,NA,NA,NA,NA,NA,NA,NA,NA,NA,NA,NA,NA,NA,NA,NA,NA,NA,NA,NA,NA,NA,NA,0.099542415,NA,NA,NA,NA,NA
"261",2020-05-30,2180,0.0235347,3,2.86274430907181,NA,NA,0.0235347,NA,NA,NA,NA,NA,NA,NA,NA,NA,NA,NA,NA,NA,NA,NA,NA,NA,NA,NA,NA,NA,NA,NA,NA,NA,NA,NA,NA,NA,NA,NA,NA,NA,NA,NA,NA,NA,NA,NA,NA,NA
"262",2020-06-01,2180,0.245753991632,3,2.96980009485472,NA,NA,0.071013336,NA,NA,NA,NA,NA,NA,NA,NA,NA,0.006555836,NA,NA,NA,NA,NA,NA,NA,0.064037821632,NA,NA,NA,NA,NA,NA,NA,NA,NA,NA,NA,NA,NA,NA,NA,NA,NA,0.104146998,NA,NA,NA,NA,NA
"263",2020-06-03,2180,0.0779992585,3,3.19461684375465,NA,NA,0.0514667525,NA,NA,NA,NA,NA,NA,0.026532506,NA,NA,NA,NA,NA,NA,NA,NA,NA,NA,NA,NA,NA,NA,NA,NA,NA,NA,NA,NA,NA,NA,NA,NA,NA,NA,NA,NA,NA,NA,NA,NA,NA,NA
"264",2020-06-05,2180,0.02662296,3,3.08217509964115,NA,NA,0.02662296,NA,NA,NA,NA,NA,NA,NA,NA,NA,NA,NA,NA,NA,NA,NA,NA,NA,NA,NA,NA,NA,NA,NA,NA,NA,NA,NA,NA,NA,NA,NA,NA,NA,NA,NA,NA,NA,NA,NA,NA,NA
"265",2020-06-09,2180,0.088116295,4,2.9574120223898,NA,NA,0.088116295,NA,NA,NA,NA,NA,NA,NA,NA,NA,NA,NA,NA,NA,NA,NA,NA,NA,NA,NA,NA,NA,NA,NA,NA,NA,NA,NA,NA,NA,NA,NA,NA,NA,NA,NA,NA,NA,NA,NA,NA,NA
"266",2020-06-10,2180,0.06044925892,4,3.04008871257639,NA,NA,0.06044925892,NA,NA,NA,NA,NA,NA,NA,NA,NA,NA,NA,NA,NA,NA,NA,NA,NA,NA,NA,NA,NA,NA,NA,NA,NA,NA,NA,NA,NA,NA,NA,NA,NA,NA,NA,NA,NA,NA,NA,NA,NA
"267",2020-04-22,2261,0.3828794229,NA,2.90890391457148,NA,NA,0.290909104,NA,NA,NA,NA,NA,NA,0.0202342989,NA,NA,0.07173602,NA,NA,NA,NA,NA,NA,NA,NA,NA,NA,NA,NA,NA,NA,NA,NA,NA,NA,NA,NA,NA,NA,NA,NA,NA,NA,NA,NA,NA,NA,NA
"268",2020-04-23,2261,0.404691532,NA,2.69016352366655,NA,NA,0.291582828,NA,NA,NA,0.079591824,NA,NA,NA,NA,NA,0.03351688,NA,NA,NA,NA,NA,NA,NA,NA,NA,NA,NA,NA,NA,NA,NA,NA,NA,NA,NA,NA,NA,NA,NA,NA,NA,NA,NA,NA,NA,NA,NA
"269",2020-04-24,2261,0.56332096168,NA,2.75038177069583,NA,NA,0.440177476,NA,NA,NA,0.05286340878,NA,NA,0.0291560149,NA,NA,0.041124062,NA,NA,NA,NA,NA,NA,NA,NA,NA,NA,NA,NA,NA,NA,NA,NA,NA,NA,NA,NA,NA,NA,NA,NA,NA,NA,NA,NA,NA,NA,NA
"270",2020-04-25,2261,1.0907918352,NA,2.78286309982107,NA,NA,0.8596490992,NA,NA,NA,0.159999996,NA,NA,NA,NA,NA,0.07114274,NA,NA,NA,NA,NA,NA,NA,NA,NA,NA,NA,NA,NA,NA,NA,NA,NA,NA,NA,NA,NA,NA,NA,NA,NA,NA,NA,NA,NA,NA,NA
"271",2020-04-26,2261,0.7612729133,NA,2.32967094591956,NA,NA,0.5367662764,NA,NA,NA,0.137105211,NA,NA,0.0376051439,NA,NA,0.049796282,NA,NA,NA,NA,NA,NA,NA,NA,NA,NA,NA,NA,NA,NA,NA,NA,NA,NA,NA,NA,NA,NA,NA,NA,NA,NA,NA,NA,NA,NA,NA
"272",2020-04-27,2261,0.4849440358,NA,2.94189776730077,NA,NA,0.2778125327,NA,NA,NA,0.1090030861,NA,NA,0.02954899,NA,NA,0.068579427,NA,NA,NA,NA,NA,NA,NA,NA,NA,NA,NA,NA,NA,NA,NA,NA,NA,NA,NA,NA,NA,NA,NA,NA,NA,NA,NA,NA,NA,NA,NA
"273",2020-04-28,2261,0.2767273515,NA,2.83984766754601,NA,NA,0.15771672,NA,NA,NA,0.0555748816,NA,0,0.0389144909,NA,NA,0.024521259,NA,NA,NA,NA,NA,NA,NA,NA,NA,NA,NA,NA,NA,NA,NA,NA,NA,NA,NA,NA,NA,NA,NA,NA,NA,NA,NA,NA,NA,NA,NA
"274",2020-04-30,2261,0.5415474703,NA,2.80340942329742,NA,NA,0.3085780075,NA,NA,NA,0.1356852,NA,NA,0.0383644599,NA,NA,0.0589198029,NA,NA,NA,NA,NA,NA,NA,NA,NA,NA,NA,NA,NA,NA,NA,NA,NA,NA,NA,NA,NA,NA,NA,NA,NA,NA,NA,NA,NA,NA,NA
"275",2020-05-01,2261,0.957783144,NA,3.01248360413311,NA,NA,0.636532836,NA,NA,NA,0.135318,NA,0.036734688,0.08587786,NA,NA,0.06331976,NA,NA,NA,NA,NA,NA,NA,NA,NA,NA,NA,NA,NA,NA,NA,NA,NA,NA,NA,NA,NA,NA,NA,NA,NA,NA,NA,NA,NA,NA,NA
"276",2020-05-02,2261,1.7279315292,NA,2.99558911182628,NA,NA,1.2636631202,NA,NA,NA,0.227528109,NA,NA,0.098302058,NA,NA,0.138438242,NA,NA,NA,NA,NA,NA,NA,NA,NA,NA,NA,NA,NA,NA,NA,NA,NA,NA,NA,NA,NA,NA,NA,NA,NA,NA,NA,NA,NA,NA,NA
"277",2020-05-03,2261,0.578037681,NA,2.77627298685901,NA,NA,0.501975039,NA,NA,NA,NA,NA,NA,NA,NA,NA,0.076062642,NA,NA,NA,NA,NA,NA,NA,NA,NA,NA,NA,NA,NA,NA,NA,NA,NA,NA,NA,NA,NA,NA,NA,NA,NA,NA,NA,NA,NA,NA,NA
"278",2020-05-04,2261,0.471434713,NA,2.96474733364736,NA,NA,0.289847455,NA,NA,NA,0.084257982,NA,NA,0.021084336,NA,NA,0.07624494,NA,NA,NA,NA,NA,NA,NA,NA,NA,NA,NA,NA,NA,NA,NA,NA,NA,NA,NA,NA,NA,NA,NA,NA,NA,NA,NA,NA,NA,NA,NA
"279",2020-05-05,2261,0.513689263,NA,3.02340410331306,NA,NA,0.326416794,NA,NA,NA,0.140576229,NA,NA,NA,NA,NA,0.04669624,NA,NA,NA,NA,NA,NA,NA,NA,NA,NA,NA,NA,NA,NA,NA,NA,NA,NA,NA,NA,NA,NA,NA,NA,NA,NA,NA,NA,NA,NA,NA
"280",2020-05-06,2261,0.6118056246,NA,2.91558607516334,NA,NA,0.5011400046,NA,NA,NA,NA,NA,NA,0.040424462,NA,NA,0.070241158,NA,NA,NA,NA,NA,NA,NA,NA,NA,NA,NA,NA,NA,NA,NA,NA,NA,NA,NA,NA,NA,NA,NA,NA,NA,NA,NA,NA,NA,NA,NA
"281",2020-05-07,2261,0.388514921,NA,2.95851136981083,NA,NA,0.295045795,NA,NA,NA,NA,NA,NA,0.041728764,NA,NA,0.051740362,NA,NA,NA,NA,NA,NA,NA,NA,NA,NA,NA,NA,NA,NA,NA,NA,NA,NA,NA,NA,NA,NA,NA,NA,NA,NA,NA,NA,NA,NA,NA
"282",2020-05-08,2261,0.931655114,NA,3.03549573671853,NA,NA,0.67263648,NA,NA,NA,0.11195577,NA,NA,0.038979108,NA,NA,0.108083756,NA,NA,NA,NA,NA,NA,NA,NA,NA,NA,NA,NA,NA,NA,NA,NA,NA,NA,NA,NA,NA,NA,NA,NA,NA,NA,NA,NA,NA,NA,NA
"283",2020-05-10,2261,1.078640981,NA,2.78146190293836,NA,NA,0.996068179,NA,NA,NA,NA,NA,NA,NA,NA,NA,0.082572802,NA,NA,NA,NA,NA,NA,NA,NA,NA,NA,NA,NA,NA,NA,NA,NA,NA,NA,NA,NA,NA,NA,NA,NA,NA,NA,NA,NA,NA,NA,NA
"284",2020-05-11,2261,0.70039987066,NA,2.98703248447786,NA,NA,0.52197807,NA,NA,NA,0.1143654,NA,NA,0.02179295866,NA,NA,0.042263442,NA,NA,NA,NA,NA,NA,NA,NA,NA,NA,NA,NA,NA,NA,NA,NA,NA,NA,NA,NA,NA,NA,NA,NA,NA,NA,NA,NA,NA,NA,NA
"285",2020-05-12,2261,0.48591764936,NA,2.86908042067192,NA,NA,0.375455029,NA,NA,NA,0.05834226036,NA,NA,NA,NA,NA,0.05212036,NA,NA,NA,NA,NA,NA,NA,NA,NA,NA,NA,NA,NA,NA,NA,NA,NA,NA,NA,NA,NA,NA,NA,NA,NA,NA,NA,NA,NA,NA,NA
"286",2020-05-13,2261,0.803144317,NA,3.07614629118897,NA,NA,0.652173841,NA,NA,NA,0.085565196,NA,NA,NA,NA,NA,0.06540528,NA,NA,NA,NA,NA,NA,NA,NA,NA,NA,NA,NA,NA,NA,NA,NA,NA,NA,NA,NA,NA,NA,NA,NA,NA,NA,NA,NA,NA,NA,NA
"287",2020-05-14,2261,0.67177689,NA,3.00938608985413,NA,NA,0.49417404,NA,NA,NA,0.08553543,NA,NA,0.032242298,NA,NA,0.059825122,NA,NA,NA,NA,NA,NA,NA,NA,NA,NA,NA,NA,NA,NA,NA,NA,NA,NA,NA,NA,NA,NA,NA,NA,NA,NA,NA,NA,NA,NA,NA
"288",2020-05-15,2261,1.0862853895,NA,3.14992179638597,NA,NA,0.8952420555,NA,NA,NA,NA,NA,NA,0.077704198,NA,NA,0.113339136,NA,NA,NA,NA,NA,NA,NA,NA,NA,NA,NA,NA,NA,NA,NA,NA,NA,NA,NA,NA,NA,NA,NA,NA,NA,NA,NA,NA,NA,NA,NA
"289",2020-05-16,2261,1.4518235453,NA,3.06439365666692,NA,NA,1.0666443255,NA,NA,NA,0.204634608,NA,NA,0.0562180498,NA,NA,0.124326562,NA,NA,NA,NA,NA,NA,NA,NA,NA,NA,NA,NA,NA,NA,NA,NA,NA,NA,NA,NA,NA,NA,NA,NA,NA,NA,NA,NA,NA,NA,NA
"290",2020-05-17,2261,1.031359254,NA,2.9495413533515,NA,NA,0.932391954,NA,NA,NA,NA,NA,NA,NA,NA,NA,0.0989673,NA,NA,NA,NA,NA,NA,NA,NA,NA,NA,NA,NA,NA,NA,NA,NA,NA,NA,NA,NA,NA,NA,NA,NA,NA,NA,NA,NA,NA,NA,NA
"291",2020-05-18,2261,0.946639629013,NA,2.96700785096537,NA,NA,0.537931095,NA,NA,NA,NA,NA,NA,0.031776602,NA,NA,0.087215984,NA,NA,NA,NA,NA,NA,NA,NA,NA,NA,NA,NA,NA,NA,NA,NA,NA,NA,NA,NA,NA,NA,NA,NA,NA,0.289715948013,NA,NA,NA,NA,NA
"292",2020-05-19,2261,0.6890903679,NA,3.10406004732979,NA,NA,0.584302377,NA,NA,NA,NA,NA,NA,0.035415648,NA,NA,0.0693723429,NA,NA,NA,NA,NA,NA,NA,NA,NA,NA,NA,NA,NA,NA,NA,NA,NA,NA,NA,NA,NA,NA,NA,NA,NA,NA,NA,NA,NA,NA,NA
"293",2020-05-20,2261,0.6201171632,NA,3.13763954248367,NA,NA,0.5661199682,NA,NA,NA,NA,NA,0,NA,NA,NA,0.053997195,NA,NA,NA,NA,NA,NA,NA,NA,NA,NA,NA,NA,NA,NA,NA,NA,NA,NA,NA,NA,NA,NA,NA,NA,NA,NA,NA,NA,NA,NA,NA
"294",2020-05-21,2261,1.3304457478,NA,3.15805913301623,NA,NA,0.877261962,NA,NA,NA,0.14490223,NA,0.160427826,NA,NA,NA,0.1478537298,NA,NA,NA,NA,NA,NA,NA,NA,NA,NA,NA,NA,NA,NA,NA,NA,NA,NA,NA,NA,NA,NA,NA,NA,NA,NA,NA,NA,NA,NA,NA
"295",2020-05-22,2261,1.9497685404,NA,2.99024230446927,NA,NA,1.4500157718,NA,NA,NA,0.294744288,NA,NA,NA,NA,NA,0.2050084806,NA,NA,NA,NA,NA,NA,NA,NA,NA,NA,NA,NA,NA,NA,NA,NA,NA,NA,NA,NA,NA,NA,NA,NA,NA,NA,NA,NA,NA,NA,NA
"296",2020-05-23,2261,2.2337835918,NA,2.82536423625353,NA,NA,1.5464113636,NA,NA,NA,0.3769871703,NA,0.0449275219,NA,NA,NA,0.265457536,NA,NA,NA,NA,NA,NA,NA,NA,NA,NA,NA,NA,NA,NA,NA,NA,NA,NA,NA,NA,NA,NA,NA,NA,NA,NA,NA,NA,NA,NA,NA
"297",2020-05-24,2261,1.6714087897,NA,2.61429111888677,NA,NA,1.049794606,NA,NA,NA,0.3735933584,NA,NA,0.0722619576,NA,NA,0.1757588677,NA,NA,NA,NA,NA,NA,NA,NA,NA,NA,NA,NA,NA,NA,NA,NA,NA,NA,NA,NA,NA,NA,NA,NA,NA,NA,NA,NA,NA,NA,NA
"298",2020-05-25,2261,1.3939304862,NA,2.84710971636847,NA,NA,0.8931137504,NA,NA,NA,0.2980251037,NA,NA,0.0795861475,NA,NA,0.1232054846,NA,NA,NA,NA,NA,NA,NA,NA,NA,NA,NA,NA,NA,NA,NA,NA,NA,NA,NA,NA,NA,NA,NA,NA,NA,NA,NA,NA,NA,NA,NA
"299",2020-05-26,2261,0.8307859281,NA,2.92453791699703,NA,NA,0.615280008,NA,NA,NA,NA,NA,NA,0.0938967275,NA,NA,0.1216091926,NA,NA,NA,NA,NA,NA,NA,NA,NA,NA,NA,NA,NA,NA,NA,NA,NA,NA,NA,NA,NA,NA,NA,NA,NA,NA,NA,NA,NA,NA,NA
"300",2020-05-27,2261,1.0570989125,NA,3.12720546755999,NA,NA,0.7130902597,NA,NA,NA,0.145818716,NA,0.043478275,0.0594954775,NA,NA,0.0952161843,NA,NA,NA,NA,NA,NA,NA,NA,NA,NA,NA,NA,NA,NA,NA,NA,NA,NA,NA,NA,NA,NA,NA,NA,NA,NA,NA,NA,NA,NA,NA
"301",2020-05-28,2261,0.9846820536,NA,3.15658349596576,NA,NA,0.8117647623,NA,NA,NA,NA,NA,NA,0.05885056,NA,NA,0.1140667313,NA,NA,NA,NA,NA,NA,NA,NA,NA,NA,NA,NA,NA,NA,NA,NA,NA,NA,NA,NA,NA,NA,NA,NA,NA,NA,NA,NA,NA,NA,NA
"302",2020-05-29,2261,2.123034849,NA,3.25011063029029,NA,NA,1.6504571996,NA,NA,NA,0.2262350837,NA,NA,0.056548868,NA,NA,0.1897936977,NA,NA,NA,NA,NA,NA,NA,NA,NA,NA,NA,NA,NA,NA,NA,NA,NA,NA,NA,NA,NA,NA,NA,NA,NA,NA,NA,NA,NA,NA,NA
"303",2020-05-30,2261,2.3922813629,NA,2.92648013276164,NA,NA,1.718032134,NA,NA,NA,0.2611888073,NA,NA,0.2426645448,NA,NA,0.1703958768,NA,NA,NA,NA,NA,NA,NA,NA,NA,NA,NA,NA,NA,NA,NA,NA,NA,NA,NA,NA,NA,NA,NA,NA,NA,NA,NA,NA,NA,NA,NA
"304",2020-05-31,2261,1.1650785931,NA,2.88201683697578,NA,NA,0.96206562,NA,NA,NA,NA,NA,NA,0.0893970903,NA,NA,0.1136158828,NA,NA,NA,NA,NA,NA,NA,NA,NA,NA,NA,NA,NA,NA,NA,NA,NA,NA,NA,NA,NA,NA,NA,NA,NA,NA,NA,NA,NA,NA,NA
"305",2020-06-01,2261,0.9582784622,NA,3.06061677839017,NA,NA,0.6864617388,NA,NA,NA,0.087923726,NA,NA,0.065887843,NA,NA,0.1180051544,NA,NA,NA,NA,NA,NA,NA,NA,NA,NA,NA,NA,NA,NA,NA,NA,NA,NA,NA,NA,NA,NA,NA,NA,NA,NA,NA,NA,NA,NA,NA
"306",2020-06-02,2261,1.0500227538,NA,3.04145934974946,NA,NA,0.503261991,NA,NA,NA,NA,NA,NA,NA,NA,NA,0.1305665788,NA,NA,NA,NA,NA,NA,NA,NA,NA,NA,NA,NA,NA,NA,NA,NA,NA,NA,NA,NA,NA,NA,NA,NA,NA,0.416194184,NA,NA,NA,NA,NA
"307",2020-06-03,2261,0.9795844864,NA,3.05786297416752,NA,NA,0.720535225,NA,NA,NA,NA,NA,NA,0.106129908,NA,NA,0.1529193534,NA,NA,NA,NA,NA,NA,NA,NA,NA,NA,NA,NA,NA,NA,NA,NA,NA,NA,NA,NA,NA,NA,NA,NA,NA,NA,NA,NA,NA,NA,NA
"308",2020-06-04,2261,2.1557331513,NA,3.06108833783986,NA,NA,1.2449708146,NA,NA,NA,0.0871238467,NA,NA,0.5660627248,NA,NA,0.2575757652,NA,NA,NA,NA,NA,NA,NA,NA,NA,NA,NA,NA,NA,NA,NA,NA,NA,NA,NA,NA,NA,NA,NA,NA,NA,NA,NA,NA,NA,NA,NA
"309",2020-06-05,2261,2.5500658547,NA,3.09836525783386,NA,NA,1.597378666,NA,NA,NA,0.2868002667,NA,NA,0.3345029028,NA,NA,0.3313840192,NA,NA,NA,NA,NA,NA,NA,NA,NA,NA,NA,NA,NA,NA,NA,NA,NA,NA,NA,NA,NA,NA,NA,NA,NA,NA,NA,NA,NA,NA,NA
"310",2020-06-06,2261,3.3730400023,NA,3.07106133236087,NA,NA,2.2165820154,NA,NA,NA,0.4158911793,NA,NA,0.3541218556,NA,NA,0.386444952,NA,NA,NA,NA,NA,NA,NA,NA,NA,NA,NA,NA,NA,NA,NA,NA,NA,NA,NA,NA,NA,NA,NA,NA,NA,NA,NA,NA,NA,NA,NA
"311",2020-06-07,2261,2.7963701273,NA,3.02592661038118,NA,NA,1.9775330864,NA,NA,NA,0.2359630323,NA,NA,0.340959388,NA,NA,0.2419146206,NA,NA,NA,NA,NA,NA,NA,NA,NA,NA,NA,NA,NA,NA,NA,NA,NA,NA,NA,NA,NA,NA,NA,NA,NA,NA,NA,NA,NA,NA,NA
"312",2020-06-08,2261,1.1925646065,NA,2.97488520250353,NA,NA,0.8441315469,NA,NA,NA,NA,NA,NA,0.143936028,NA,NA,0.2044970316,NA,NA,NA,NA,NA,NA,NA,NA,NA,NA,NA,NA,NA,NA,NA,NA,NA,NA,NA,NA,NA,NA,NA,NA,NA,NA,NA,NA,NA,NA,NA
"313",2020-06-09,2261,1.2021771957,NA,3.10897831303246,NA,NA,0.793046089,NA,NA,NA,0.0870629247,NA,NA,0.18387239,NA,NA,0.138195792,NA,NA,NA,NA,NA,NA,NA,NA,NA,NA,NA,NA,NA,NA,NA,NA,NA,NA,NA,NA,NA,NA,NA,NA,NA,NA,NA,NA,NA,NA,NA
"314",2020-06-10,2261,1.4550157968,NA,3.05393205119803,NA,NA,0.99741214,NA,NA,NA,0.11624648,NA,NA,0.1576692412,NA,NA,0.1836879356,NA,NA,NA,NA,NA,NA,NA,NA,NA,NA,NA,NA,NA,NA,NA,NA,NA,NA,NA,NA,NA,NA,NA,NA,NA,NA,NA,NA,NA,NA,NA
"315",2020-06-11,2261,2.4152857247,NA,3.12436059766344,NA,NA,1.5017600848,NA,NA,NA,0.3647932348,NA,NA,0.2694489655,NA,NA,0.2792834396,NA,NA,NA,NA,NA,NA,NA,NA,NA,NA,NA,NA,NA,NA,NA,NA,NA,NA,NA,NA,NA,NA,NA,NA,NA,NA,NA,NA,NA,NA,NA
"316",2020-06-12,2261,3.8023811437,NA,3.12190619739339,NA,NA,2.4993694229,NA,NA,NA,0.7465141401,NA,0.1042253407,NA,NA,NA,0.45227224,NA,NA,NA,NA,NA,NA,NA,NA,NA,NA,NA,NA,NA,NA,NA,NA,NA,NA,NA,NA,NA,NA,NA,NA,NA,NA,NA,NA,NA,NA,NA
"317",2020-05-28,2282,0.021362193,NA,0.840931512144225,NA,NA,0.021362193,NA,NA,NA,NA,NA,NA,NA,NA,NA,NA,NA,NA,NA,NA,NA,NA,NA,NA,NA,NA,NA,NA,NA,NA,NA,NA,NA,NA,NA,NA,NA,NA,NA,NA,NA,NA,NA,NA,NA,NA,NA
"318",2020-06-11,2282,0.100668931394,NA,0.716787755930255,NA,NA,0.030648136,NA,NA,NA,NA,NA,NA,NA,NA,NA,NA,NA,NA,NA,NA,NA,0.070020795394,NA,NA,NA,NA,NA,NA,NA,NA,NA,NA,NA,NA,NA,NA,NA,NA,NA,NA,NA,NA,NA,NA,NA,NA,NA
"319",2020-06-12,2282,0.031637508,NA,2.32665675855394,NA,NA,0.031637508,NA,NA,NA,NA,NA,NA,NA,NA,NA,NA,NA,NA,NA,NA,NA,NA,NA,NA,NA,NA,NA,NA,NA,NA,NA,NA,NA,NA,NA,NA,NA,NA,NA,NA,NA,NA,NA,NA,NA,NA,NA
"320",2020-05-05,2020,5.1125023141,186,3.63087053108695,NA,NA,NA,NA,NA,NA,0.1968066801,NA,0.074688804,1.043737548,NA,NA,3.7870652,0.010204082,NA,NA,NA,NA,NA,NA,NA,NA,NA,NA,NA,NA,NA,NA,NA,NA,NA,NA,NA,NA,NA,NA,NA,NA,NA,NA,NA,NA,NA,NA
"321",2020-05-12,2020,5.4880069143,190,3.56624815194413,NA,NA,NA,NA,NA,NA,0.4959089236,NA,0.0735694947,1.028455296,NA,NA,3.8900732,NA,NA,NA,NA,NA,NA,NA,NA,NA,NA,NA,NA,NA,NA,NA,NA,NA,NA,NA,NA,NA,NA,NA,NA,NA,NA,NA,NA,NA,NA,NA
"322",2020-05-13,2020,5.3984446054,190,3.67873804656752,NA,NA,NA,NA,NA,NA,0.25669567,NA,0.1500000174,0.941293518,NA,NA,4.0504554,0,NA,NA,NA,NA,NA,NA,NA,NA,NA,NA,NA,NA,NA,NA,NA,NA,NA,NA,NA,NA,NA,NA,NA,NA,NA,NA,NA,NA,NA,NA
"323",2020-05-21,2020,7.477307214,202,3.6947339067859,NA,NA,NA,NA,NA,NA,1.246159178,NA,0.40106952,1.421720712,NA,NA,4.38314772,0.025210084,NA,NA,NA,NA,NA,NA,NA,NA,NA,NA,NA,NA,NA,NA,NA,NA,NA,NA,NA,NA,NA,NA,NA,NA,NA,NA,NA,NA,NA,NA
"324",2020-05-26,2020,11.1056940472,203,3.68227761673199,NA,NA,NA,NA,NA,NA,0.5843013333,NA,0.2167832139,3.84976525,NA,NA,6.39770139,0.05714286,NA,NA,NA,NA,NA,NA,NA,NA,NA,NA,NA,NA,NA,NA,NA,NA,NA,NA,NA,NA,NA,NA,NA,NA,NA,NA,NA,NA,NA,NA
"325",2020-06-01,2020,15.3259993207,228,3.69872224090363,NA,NA,NA,NA,NA,NA,0.967160986,NA,0.1428571287,6.69859792,NA,NA,7.48677104,0.030612246,NA,NA,NA,NA,NA,NA,NA,0,NA,NA,NA,NA,NA,NA,NA,NA,NA,NA,NA,NA,NA,NA,NA,NA,NA,NA,NA,NA,NA,NA
"326",2020-06-03,2020,12.678214923,250,3.76448594330339,NA,NA,NA,NA,NA,NA,0.490611921,NA,0.385964898,4.430924094,NA,NA,7.37071401,0,NA,NA,NA,NA,NA,NA,NA,NA,NA,NA,NA,NA,NA,NA,NA,NA,NA,NA,NA,NA,NA,NA,NA,NA,NA,NA,NA,NA,NA,NA
"327",2020-06-04,2020,22.2733843007,254,3.76398046994426,NA,NA,NA,NA,NA,NA,0.929321203,NA,0.331896543,5.283252517,NA,NA,7.75068896,0.0294117657,NA,NA,NA,NA,NA,NA,NA,NA,NA,NA,NA,NA,NA,NA,NA,NA,NA,NA,NA,NA,NA,NA,NA,NA,7.948813312,NA,NA,NA,NA,NA
"328",2020-06-07,2020,25.3465688516,268,3.64424791159012,NA,NA,NA,NA,NA,NA,0.7668799276,NA,0.155487814,15.62730631,NA,NA,8.7968948,0,NA,NA,NA,NA,NA,NA,NA,NA,NA,NA,NA,NA,NA,NA,NA,NA,NA,NA,NA,NA,NA,NA,NA,NA,NA,NA,NA,NA,NA,NA
"329",2020-06-10,2020,24.36107090993,292,3.76453337412308,NA,NA,NA,NA,NA,NA,0.6684173264,NA,0.241379327,7.173950608,NA,NA,8.4671392,0.043956044,NA,NA,NA,NA,NA,NA,NA,NA,NA,NA,NA,NA,NA,NA,NA,NA,NA,NA,NA,NA,NA,NA,NA,NA,7.76622840453,NA,NA,NA,NA,NA
"330",2020-06-11,2020,18.5524126764,296,3.78254473102615,NA,NA,NA,NA,NA,NA,1.003181314,NA,0.2032966924,8.39141023,NA,NA,8.95452444,NA,NA,NA,NA,NA,NA,NA,NA,NA,NA,NA,NA,NA,NA,NA,NA,NA,NA,NA,NA,NA,NA,NA,NA,NA,NA,NA,NA,NA,NA,NA
"331",2020-06-12,2020,20.1736762653,301,3.83907102953633,NA,NA,NA,NA,NA,NA,1.959599571,NA,0.2605633943,8.3775185,NA,NA,9.5759948,NA,NA,NA,NA,NA,NA,NA,NA,NA,NA,NA,NA,NA,NA,NA,NA,NA,NA,NA,NA,NA,NA,NA,NA,NA,NA,NA,NA,NA,NA,NA
"332",2020-05-24,2070,0,NA,2.02597916719343,NA,NA,NA,NA,NA,NA,NA,NA,NA,NA,NA,NA,NA,NA,NA,NA,NA,NA,NA,NA,NA,NA,NA,NA,NA,NA,NA,NA,NA,NA,NA,NA,NA,NA,NA,NA,NA,NA,NA,NA,NA,NA,NA,NA
"333",2020-04-24,2164,0.019437342,NA,3.07884441017041,NA,NA,NA,NA,NA,NA,NA,NA,NA,0.019437342,NA,NA,NA,NA,NA,NA,NA,NA,NA,NA,NA,NA,NA,NA,NA,NA,NA,NA,NA,NA,NA,NA,NA,NA,NA,NA,NA,NA,NA,NA,NA,NA,NA,NA
"334",2020-05-29,2164,0.02912091812,NA,3.140000702397,NA,NA,NA,NA,NA,NA,NA,NA,NA,0.01413719966,NA,NA,0.01498371846,NA,NA,NA,NA,NA,NA,NA,NA,NA,NA,NA,NA,NA,NA,NA,NA,NA,NA,NA,NA,NA,NA,NA,NA,NA,NA,NA,NA,NA,NA,NA
"335",2020-04-22,2020,4.0667944788,160,3.4152328107352,NA,NA,NA,NA,NA,NA,0.1603288518,NA,0.038028177,0.51597445,NA,NA,3.352463,NA,NA,NA,NA,NA,NA,NA,NA,NA,NA,NA,NA,NA,NA,NA,NA,NA,NA,NA,NA,NA,NA,NA,NA,NA,NA,NA,NA,NA,NA,NA
"336",2020-04-23,2020,4.3355892566,162,3.38616640315366,NA,NA,NA,NA,NA,NA,0.4510204296,NA,0.150837984,0.506534243,NA,NA,3.2271966,NA,NA,NA,NA,NA,NA,NA,NA,NA,NA,NA,NA,NA,NA,NA,NA,NA,NA,NA,NA,NA,NA,NA,NA,NA,NA,NA,NA,NA,NA,NA
"337",2020-04-24,2020,4.5235915635,164,3.49984256129713,NA,NA,NA,NA,NA,NA,0.4757708982,NA,0.1117241343,0.621994887,NA,NA,3.2944938,0.019607844,NA,NA,NA,NA,NA,NA,NA,NA,NA,NA,NA,NA,NA,NA,NA,NA,NA,NA,NA,NA,NA,NA,NA,NA,NA,NA,NA,NA,NA,NA
"338",2020-04-25,2020,4.6025188437,164,3.4062471700239,NA,NA,NA,NA,NA,NA,0.293333352,NA,0.0369863037,0.990740788,NA,NA,3.2814584,NA,NA,NA,NA,NA,NA,NA,NA,NA,NA,NA,NA,NA,NA,NA,NA,NA,NA,NA,NA,NA,NA,NA,NA,NA,NA,NA,NA,NA,NA,NA
"339",2020-04-26,2020,5.5735178019,164,3.19017841923231,NA,NA,NA,NA,NA,NA,0.4113155382,NA,0.1137640437,1.61702122,NA,NA,3.431417,NA,NA,NA,NA,NA,NA,NA,NA,NA,NA,NA,NA,NA,NA,NA,NA,NA,NA,NA,NA,NA,NA,NA,NA,NA,NA,NA,NA,NA,NA,NA
"340",2020-04-27,2020,6.377759653986,167,3.51425193331919,NA,NA,NA,NA,NA,NA,0.3815108448,NA,0.074895975,1.329704569,NA,NA,4.4772567,0.01904762,NA,NA,NA,NA,NA,NA,NA,NA,NA,NA,NA,NA,0.095343945186,NA,NA,NA,NA,NA,NA,NA,NA,NA,NA,NA,NA,NA,NA,NA,NA,NA
"341",2020-04-28,2020,5.102669096,171,3.50487331711405,NA,NA,NA,NA,NA,NA,0.389023984,NA,0.07563024,0.768561172,NA,NA,3.8694537,NA,NA,NA,NA,NA,NA,NA,NA,NA,NA,NA,NA,NA,NA,NA,NA,NA,NA,NA,NA,NA,NA,NA,NA,NA,NA,NA,NA,NA,NA,NA
"342",2020-04-30,2020,4.998865401,175,3.55725892611991,NA,NA,NA,NA,NA,NA,0.43419264,NA,0.184426227,0.594649194,NA,NA,3.78559734,NA,NA,NA,NA,NA,NA,NA,NA,NA,NA,NA,NA,NA,NA,NA,NA,NA,NA,NA,NA,NA,NA,NA,NA,NA,NA,NA,NA,NA,NA,NA
"343",2020-05-01,2020,4.891757388,181,3.6507982800697,NA,NA,NA,NA,NA,NA,0.351826808,NA,0,0.76335878,NA,NA,3.7765718,NA,NA,NA,NA,NA,NA,NA,NA,NA,NA,NA,NA,NA,NA,NA,NA,NA,NA,NA,NA,NA,NA,NA,NA,NA,NA,NA,NA,NA,NA,NA
"344",2020-05-02,2020,5.7570575162,181,3.56036481183554,NA,NA,NA,NA,NA,NA,0.7394662692,NA,0.150627627,1.22430742,NA,NA,3.6426562,NA,NA,NA,NA,NA,NA,NA,NA,NA,NA,NA,NA,NA,NA,NA,NA,NA,NA,NA,NA,NA,NA,NA,NA,NA,NA,NA,NA,NA,NA,NA
"345",2020-05-03,2020,7.0356137327,183,3.2997380276639,NA,NA,NA,NA,NA,NA,0.404566569,NA,0.0771428637,2.4957387,NA,NA,4.0581656,NA,NA,NA,NA,NA,NA,NA,NA,NA,NA,NA,NA,NA,NA,NA,NA,NA,NA,NA,NA,NA,NA,NA,NA,NA,NA,NA,NA,NA,NA,NA
"346",2020-05-04,2020,6.8734004159,185,3.55999892193168,NA,NA,NA,NA,NA,NA,0.2808598779,NA,0.074175831,1.823795127,NA,NA,4.6747676,0.01980198,NA,NA,NA,NA,NA,NA,NA,NA,NA,NA,NA,NA,NA,NA,NA,NA,NA,NA,NA,NA,NA,NA,NA,NA,NA,NA,NA,NA,NA,NA
"347",2020-05-06,2020,5.4692099733,186,3.64768140493755,NA,NA,NA,NA,NA,NA,0.224066412,NA,0.1854395613,0.9903992,NA,NA,4.0693048,0,NA,NA,NA,NA,NA,NA,NA,NA,NA,NA,NA,NA,NA,NA,NA,NA,NA,NA,NA,NA,NA,NA,NA,NA,NA,NA,NA,NA,NA,NA
"348",2020-05-07,2020,5.5281190221,187,3.6360336678899,NA,NA,NA,NA,NA,NA,0.5027586651,NA,0,0.928464957,NA,NA,4.0968954,NA,NA,NA,NA,NA,NA,NA,NA,NA,NA,NA,NA,NA,NA,NA,NA,NA,NA,NA,NA,NA,NA,NA,NA,NA,NA,NA,NA,NA,NA,NA
"349",2020-05-08,2020,5.6910466738,190,3.68447740271008,NA,NA,NA,NA,NA,NA,0.5597788338,NA,0.036096246,0.974477994,NA,NA,4.1206936,NA,NA,NA,NA,NA,NA,NA,NA,NA,NA,NA,NA,NA,NA,NA,NA,NA,NA,NA,NA,NA,NA,NA,NA,NA,NA,NA,NA,NA,NA,NA
"350",2020-05-10,2020,7.9145080442,190,3.50601304368188,NA,NA,NA,NA,NA,NA,0.3712992062,NA,0.107856198,2.87646524,NA,NA,4.5588874,NA,NA,NA,NA,NA,NA,NA,NA,NA,NA,NA,NA,NA,NA,NA,NA,NA,NA,NA,NA,NA,NA,NA,NA,NA,NA,NA,NA,NA,NA,NA
"351",2020-05-11,2020,7.6315528169,190,3.60893418627624,NA,NA,NA,NA,NA,NA,0.4860530402,NA,0.0717131367,2.22288264,NA,NA,4.850904,NA,NA,NA,NA,NA,NA,NA,NA,NA,NA,NA,NA,NA,NA,NA,NA,NA,NA,NA,NA,NA,NA,NA,NA,NA,NA,NA,NA,NA,NA,NA
"352",2020-05-14,2020,5.7599505678,190,3.67632385870117,NA,NA,NA,NA,NA,NA,0.5987482478,NA,NA,1.01025892,NA,NA,4.1509434,NA,NA,NA,NA,NA,NA,NA,NA,NA,NA,NA,NA,NA,NA,NA,NA,NA,NA,NA,NA,NA,NA,NA,NA,NA,NA,NA,NA,NA,NA,NA
"353",2020-05-15,2020,6.0993195064,195,3.72862128285469,NA,NA,NA,NA,NA,NA,0.7142856574,NA,0.078378387,1.010154508,NA,NA,4.2676548,0.028846154,NA,NA,NA,NA,NA,NA,NA,NA,NA,NA,NA,NA,NA,NA,NA,NA,NA,NA,NA,NA,NA,NA,NA,NA,NA,NA,NA,NA,NA,NA
"354",2020-05-16,2020,6.96311163,195,3.65423889505391,NA,NA,NA,NA,NA,NA,0.993939384,NA,0.040389982,1.817717264,NA,NA,4.111065,NA,NA,NA,NA,NA,NA,NA,NA,NA,NA,NA,NA,NA,NA,NA,NA,NA,NA,NA,NA,NA,NA,NA,NA,NA,NA,NA,NA,NA,NA,NA
"355",2020-05-17,2020,8.5549949863,195,3.54956445217506,NA,NA,NA,NA,NA,NA,0.5215547844,NA,0.120665752,3.34177206,NA,NA,4.5611014,0.0099009899,NA,NA,NA,NA,NA,NA,NA,NA,NA,NA,NA,NA,NA,NA,NA,NA,NA,NA,NA,NA,NA,NA,NA,NA,NA,NA,NA,NA,NA,NA
"356",2020-05-18,2020,8.9900303252,195,3.65031616274655,NA,NA,NA,NA,NA,NA,0.3415480482,NA,0.079670337,3.12469894,NA,NA,5.444113,NA,NA,NA,NA,NA,NA,NA,NA,NA,NA,NA,NA,NA,NA,NA,NA,NA,NA,NA,NA,NA,NA,NA,NA,NA,NA,NA,NA,NA,NA,NA
"357",2020-05-19,2020,6.8665534223,201,3.67677962061005,NA,NA,NA,NA,NA,NA,0.6255567323,NA,0.20775624,1.49926212,NA,NA,4.53397833,NA,NA,NA,NA,NA,NA,NA,NA,NA,NA,NA,NA,NA,NA,NA,NA,NA,NA,NA,NA,NA,NA,NA,NA,NA,NA,NA,NA,NA,NA,NA
"358",2020-05-22,2020,7.2234752121,202,3.75606335118693,NA,NA,NA,NA,NA,NA,1.473721606,NA,0.1710344741,1.438056696,NA,NA,4.1046264,0.036036036,NA,NA,NA,NA,NA,NA,NA,NA,NA,NA,NA,NA,NA,NA,NA,NA,NA,NA,NA,NA,NA,NA,NA,NA,NA,NA,NA,NA,NA,NA
"359",2020-05-23,2020,7.0926430579,202,3.65508250652184,NA,NA,NA,NA,NA,NA,1.288039401,NA,0.2246376839,1.536074448,NA,NA,4.01504537,0.028846155,NA,NA,NA,NA,NA,NA,NA,NA,NA,NA,NA,NA,NA,NA,NA,NA,NA,NA,NA,NA,NA,NA,NA,NA,NA,NA,NA,NA,NA,NA
"360",2020-05-24,2020,7.348133873,202,3.44189238125418,NA,NA,NA,NA,NA,NA,0.466991781,NA,NA,2.384644392,NA,NA,4.4964977,0,NA,NA,NA,NA,NA,NA,NA,NA,NA,NA,NA,NA,NA,NA,NA,NA,NA,NA,NA,NA,NA,NA,NA,NA,NA,NA,NA,NA,NA,NA
"361",2020-05-25,2020,11.337786789,202,3.50484838829523,NA,NA,NA,NA,NA,NA,0.983482936,NA,0.044862518,4.854755,NA,NA,5.36190283,0.092783505,NA,NA,NA,NA,NA,NA,NA,NA,NA,NA,NA,NA,NA,NA,NA,NA,NA,NA,NA,NA,NA,NA,NA,NA,NA,NA,NA,NA,NA,NA
"362",2020-05-29,2020,8.6720311834,209,3.80657903513871,NA,NA,NA,NA,NA,NA,0.5938671414,NA,NA,2.742619622,NA,NA,5.2143323,0.12121212,NA,NA,NA,NA,NA,NA,NA,NA,NA,NA,NA,NA,NA,NA,NA,NA,NA,NA,NA,NA,NA,NA,NA,NA,NA,NA,NA,NA,NA,NA
"363",2020-05-31,2020,14.8739853142,225,3.5523117651092,NA,NA,NA,NA,NA,NA,0.7091492029,NA,0.1993957713,7.63451154,NA,NA,6.3309288,0,NA,NA,NA,NA,NA,NA,NA,NA,NA,NA,NA,NA,NA,NA,NA,NA,NA,NA,NA,NA,NA,NA,NA,NA,NA,NA,NA,NA,NA,NA
"364",2020-06-02,2020,11.3777500543,243,3.72762454780301,NA,NA,NA,NA,NA,NA,0.875527409,NA,0.2398255893,3.884220496,NA,NA,6.37817656,NA,NA,NA,NA,NA,NA,NA,NA,NA,NA,NA,NA,NA,NA,NA,NA,NA,NA,NA,NA,NA,NA,NA,NA,NA,NA,NA,NA,NA,NA,NA
"365",2020-06-08,2020,26.4629468593,279,3.70883145601319,NA,NA,NA,NA,NA,NA,0.6646936393,NA,NA,15.11328294,NA,NA,10.68497028,NA,NA,NA,NA,NA,NA,NA,NA,NA,NA,NA,NA,NA,NA,NA,NA,NA,NA,NA,NA,NA,NA,NA,NA,NA,NA,NA,NA,NA,NA,NA
"366",2020-06-09,2020,24.1142994371,283,3.71983258790618,NA,NA,NA,NA,NA,NA,0.6384615806,NA,0.0998573415,6.361984694,NA,NA,8.50767732,0.040816328,NA,NA,NA,NA,NA,NA,NA,NA,NA,NA,NA,NA,NA,NA,NA,NA,NA,NA,NA,NA,NA,NA,NA,NA,8.465502173,NA,NA,NA,NA,NA
"367",2020-05-24,2060,0.071375224,NA,2.44214362620613,NA,NA,NA,NA,NA,NA,NA,NA,NA,NA,NA,NA,NA,NA,NA,NA,NA,NA,NA,NA,NA,NA,0.071375224,NA,NA,NA,NA,NA,NA,NA,NA,NA,NA,NA,NA,NA,NA,NA,NA,NA,NA,NA,NA,NA
"368",2020-05-25,2060,0.070534503,NA,3.62601580535947,NA,NA,NA,NA,NA,NA,NA,NA,NA,NA,NA,NA,NA,NA,NA,NA,NA,NA,NA,NA,NA,NA,0.070534503,NA,NA,NA,NA,NA,NA,NA,NA,NA,NA,NA,NA,NA,NA,NA,NA,NA,NA,NA,NA,NA
"369",2020-06-08,2013,0.129126208045,NA,1.81241674746295,NA,NA,NA,NA,NA,NA,0.028899687,NA,NA,NA,NA,NA,NA,NA,NA,NA,NA,NA,NA,NA,NA,NA,NA,NA,NA,NA,NA,NA,NA,NA,NA,NA,NA,NA,NA,NA,NA,NA,NA,0.046785103045,NA,NA,NA,0.053441418
"370",2020-05-08,2068,0.47034054,NA,2.87815402523062,NA,NA,NA,NA,NA,NA,0.44782308,NA,NA,NA,NA,NA,0.02251746,NA,NA,NA,NA,NA,NA,NA,NA,NA,NA,NA,NA,NA,NA,NA,NA,NA,NA,NA,NA,NA,NA,NA,NA,NA,NA,NA,NA,NA,NA,NA
"371",2020-04-24,2105,0.03724137,NA,2.50597644343601,NA,NA,NA,NA,NA,NA,NA,NA,0.03724137,NA,NA,NA,NA,NA,NA,NA,NA,NA,NA,NA,NA,NA,NA,NA,NA,NA,NA,NA,NA,NA,NA,NA,NA,NA,NA,NA,NA,NA,NA,NA,NA,NA,NA,NA
"372",2020-04-25,2105,0.1109589003,NA,2.48066819583979,NA,NA,NA,NA,NA,NA,NA,NA,0.1109589003,NA,NA,NA,NA,NA,NA,NA,NA,NA,NA,NA,NA,NA,NA,NA,NA,NA,NA,NA,NA,NA,NA,NA,NA,NA,NA,NA,NA,NA,NA,NA,NA,NA,NA,NA
"373",2020-04-26,2105,0.183092536907,NA,2.44767743644497,NA,NA,NA,NA,NA,NA,NA,NA,0.1137640437,NA,NA,NA,NA,NA,NA,NA,NA,NA,NA,NA,NA,NA,NA,NA,NA,NA,NA,NA,NA,NA,NA,NA,NA,NA,NA,NA,NA,NA,NA,NA,NA,0.069328493207,NA,NA
"374",2020-04-27,2105,0.0374479983,NA,2.72560496841056,NA,NA,NA,NA,NA,NA,NA,NA,0.0374479983,NA,NA,NA,NA,NA,NA,NA,NA,NA,NA,NA,NA,NA,NA,NA,NA,NA,NA,NA,NA,NA,NA,NA,NA,NA,NA,NA,NA,NA,NA,NA,NA,NA,NA,NA
"375",2020-04-28,2105,0.03781512,NA,2.85626693098144,NA,NA,NA,NA,NA,NA,NA,NA,0.03781512,NA,NA,NA,NA,NA,NA,NA,NA,NA,NA,NA,NA,NA,NA,NA,NA,NA,NA,NA,NA,NA,NA,NA,NA,NA,NA,NA,NA,NA,NA,NA,NA,NA,NA,NA
"376",2020-05-01,2105,0.220408155,NA,2.94665593907675,NA,NA,NA,NA,NA,NA,NA,NA,0.220408155,NA,NA,NA,NA,NA,NA,NA,NA,NA,NA,NA,NA,NA,NA,NA,NA,NA,NA,NA,NA,NA,NA,NA,NA,NA,NA,NA,NA,NA,NA,NA,NA,NA,NA,NA
"377",2020-05-03,2105,0.0771428637,NA,1.31125584970792,NA,NA,NA,NA,NA,NA,NA,NA,0.0771428637,NA,NA,NA,NA,NA,NA,NA,NA,NA,NA,NA,NA,NA,NA,NA,NA,NA,NA,NA,NA,NA,NA,NA,NA,NA,NA,NA,NA,NA,NA,NA,NA,NA,NA,NA
"378",2020-05-05,2105,0.2240663769,NA,2.77594332579111,NA,NA,NA,NA,NA,NA,NA,NA,0.2240663769,NA,NA,NA,NA,NA,NA,NA,NA,NA,NA,NA,NA,NA,NA,NA,NA,NA,NA,NA,NA,NA,NA,NA,NA,NA,NA,NA,NA,NA,NA,NA,NA,NA,NA,NA
"379",2020-05-06,2105,0.0370878993,NA,2.97698162451742,NA,NA,NA,NA,NA,NA,NA,NA,0.0370878993,NA,NA,NA,NA,NA,NA,NA,NA,NA,NA,NA,NA,NA,NA,NA,NA,NA,NA,NA,NA,NA,NA,NA,NA,NA,NA,NA,NA,NA,NA,NA,NA,NA,NA,NA
"380",2020-05-07,2105,0.0371389293,NA,2.9516869616763,NA,NA,NA,NA,NA,NA,NA,NA,0.0371389293,NA,NA,NA,NA,NA,NA,NA,NA,NA,NA,NA,NA,NA,NA,NA,NA,NA,NA,NA,NA,NA,NA,NA,NA,NA,NA,NA,NA,NA,NA,NA,NA,NA,NA,NA
"381",2020-05-08,2105,0.036096246,NA,2.91201550251827,NA,NA,NA,NA,NA,NA,NA,NA,0.036096246,NA,NA,NA,NA,NA,NA,NA,NA,NA,NA,NA,NA,NA,NA,NA,NA,NA,NA,NA,NA,NA,NA,NA,NA,NA,NA,NA,NA,NA,NA,NA,NA,NA,NA,NA
"382",2020-05-09,2105,0.070312509,NA,2.62844892618256,NA,NA,NA,NA,NA,NA,NA,NA,0.070312509,NA,NA,NA,NA,NA,NA,NA,NA,NA,NA,NA,NA,NA,NA,NA,NA,NA,NA,NA,NA,NA,NA,NA,NA,NA,NA,NA,NA,NA,NA,NA,NA,NA,NA,NA
"383",2020-05-10,2105,0.107856198,NA,2.86898721632155,NA,NA,NA,NA,NA,NA,NA,NA,0.107856198,NA,NA,NA,NA,NA,NA,NA,NA,NA,NA,NA,NA,NA,NA,NA,NA,NA,NA,NA,NA,NA,NA,NA,NA,NA,NA,NA,NA,NA,NA,NA,NA,NA,NA,NA
"384",2020-05-11,2105,0.2151394236,NA,2.96408626479376,NA,NA,NA,NA,NA,NA,NA,NA,0.2151394236,NA,NA,NA,NA,NA,NA,NA,NA,NA,NA,NA,NA,NA,NA,NA,NA,NA,NA,NA,NA,NA,NA,NA,NA,NA,NA,NA,NA,NA,NA,NA,NA,NA,NA,NA
"385",2020-05-12,2105,0.1471389624,NA,2.90421358717098,NA,NA,NA,NA,NA,NA,NA,NA,0.1471389624,NA,NA,NA,NA,NA,NA,NA,NA,NA,NA,NA,NA,NA,NA,NA,NA,NA,NA,NA,NA,NA,NA,NA,NA,NA,NA,NA,NA,NA,NA,NA,NA,NA,NA,NA
"386",2020-05-13,2105,0.037500003,NA,2.77577046013907,NA,NA,NA,NA,NA,NA,NA,NA,0.037500003,NA,NA,NA,NA,NA,NA,NA,NA,NA,NA,NA,NA,NA,NA,NA,NA,NA,NA,NA,NA,NA,NA,NA,NA,NA,NA,NA,NA,NA,NA,NA,NA,NA,NA,NA
"387",2020-05-14,2105,0.037500003,NA,3.0603934963364,NA,NA,NA,NA,NA,NA,NA,NA,0.037500003,NA,NA,NA,NA,NA,NA,NA,NA,NA,NA,NA,NA,NA,NA,NA,NA,NA,NA,NA,NA,NA,NA,NA,NA,NA,NA,NA,NA,NA,NA,NA,NA,NA,NA,NA
"388",2020-05-15,2105,0.2351351407,NA,2.90732257860547,NA,NA,NA,NA,NA,NA,NA,NA,0.2351351407,NA,NA,NA,NA,NA,NA,NA,NA,NA,NA,NA,NA,NA,NA,NA,NA,NA,NA,NA,NA,NA,NA,NA,NA,NA,NA,NA,NA,NA,NA,NA,NA,NA,NA,NA
"389",2020-05-16,2105,0.363509751,NA,3.02573900977198,NA,NA,NA,NA,NA,NA,NA,NA,0.363509751,NA,NA,NA,NA,NA,NA,NA,NA,NA,NA,NA,NA,NA,NA,NA,NA,NA,NA,NA,NA,NA,NA,NA,NA,NA,NA,NA,NA,NA,NA,NA,NA,NA,NA,NA
"390",2020-05-17,2105,0.281553402,NA,2.88259523643794,NA,NA,NA,NA,NA,NA,NA,NA,0.281553402,NA,NA,NA,NA,NA,NA,NA,NA,NA,NA,NA,NA,NA,NA,NA,NA,NA,NA,NA,NA,NA,NA,NA,NA,NA,NA,NA,NA,NA,NA,NA,NA,NA,NA,NA
"391",2020-05-18,2105,0.2559149648,NA,3.04136834082504,NA,NA,NA,NA,NA,NA,NA,NA,0.1593406508,NA,NA,NA,NA,NA,NA,NA,NA,NA,NA,NA,NA,NA,NA,NA,NA,NA,NA,NA,NA,NA,NA,NA,NA,NA,NA,NA,NA,NA,0.096574314,NA,NA,NA,NA,NA
"392",2020-05-19,2105,0.04155126,NA,2.71137449587535,NA,NA,NA,NA,NA,NA,NA,NA,0.04155126,NA,NA,NA,NA,NA,NA,NA,NA,NA,NA,NA,NA,NA,NA,NA,NA,NA,NA,NA,NA,NA,NA,NA,NA,NA,NA,NA,NA,NA,NA,NA,NA,NA,NA,NA
"393",2020-05-20,2105,0.122282607,NA,3.14411097373919,NA,NA,NA,NA,NA,NA,NA,NA,0.122282607,NA,NA,NA,NA,NA,NA,NA,NA,NA,NA,NA,NA,NA,NA,NA,NA,NA,NA,NA,NA,NA,NA,NA,NA,NA,NA,NA,NA,NA,NA,NA,NA,NA,NA,NA
"394",2020-05-21,2105,0.160427826,NA,3.02154054138482,NA,NA,NA,NA,NA,NA,NA,NA,0.160427826,NA,NA,NA,NA,NA,NA,NA,NA,NA,NA,NA,NA,NA,NA,NA,NA,NA,NA,NA,NA,NA,NA,NA,NA,NA,NA,NA,NA,NA,NA,NA,NA,NA,NA,NA
"395",2020-05-22,2105,0.299310332,NA,3.04771600250091,NA,NA,NA,NA,NA,NA,NA,NA,0.299310332,NA,NA,NA,NA,NA,NA,NA,NA,NA,NA,NA,NA,NA,NA,NA,NA,NA,NA,NA,NA,NA,NA,NA,NA,NA,NA,NA,NA,NA,NA,NA,NA,NA,NA,NA
"396",2020-05-23,2105,0.314492768,NA,3.12176170520252,NA,NA,NA,NA,NA,NA,NA,NA,0.314492768,NA,NA,NA,NA,NA,NA,NA,NA,NA,NA,NA,NA,NA,NA,NA,NA,NA,NA,NA,NA,NA,NA,NA,NA,NA,NA,NA,NA,NA,NA,NA,NA,NA,NA,NA
"397",2020-05-24,2105,0.1873111791,NA,2.67003494834454,NA,NA,NA,NA,NA,NA,NA,NA,0.1873111791,NA,NA,NA,NA,NA,NA,NA,NA,NA,NA,NA,NA,NA,NA,NA,NA,NA,NA,NA,NA,NA,NA,NA,NA,NA,NA,NA,NA,NA,NA,NA,NA,NA,NA,NA
"398",2020-05-25,2105,0.1794500658,NA,3.05526298123542,NA,NA,NA,NA,NA,NA,NA,NA,0.1794500658,NA,NA,NA,NA,NA,NA,NA,NA,NA,NA,NA,NA,NA,NA,NA,NA,NA,NA,NA,NA,NA,NA,NA,NA,NA,NA,NA,NA,NA,NA,NA,NA,NA,NA,NA
"399",2020-05-26,2105,0.043356631,NA,3.14510048630372,NA,NA,NA,NA,NA,NA,NA,NA,0.043356631,NA,NA,NA,NA,NA,NA,NA,NA,NA,NA,NA,NA,NA,NA,NA,NA,NA,NA,NA,NA,NA,NA,NA,NA,NA,NA,NA,NA,NA,NA,NA,NA,NA,NA,NA
"400",2020-05-27,2105,0,NA,3.28389965004021,NA,NA,NA,NA,NA,NA,NA,NA,0,NA,NA,NA,NA,NA,NA,NA,NA,NA,NA,NA,NA,NA,NA,NA,NA,NA,NA,NA,NA,NA,NA,NA,NA,NA,NA,NA,NA,NA,NA,NA,NA,NA,NA,NA
"401",2020-05-28,2105,0.4267146338,NA,3.04100100438721,NA,NA,NA,NA,NA,NA,NA,NA,0.2292263648,NA,NA,NA,NA,NA,NA,NA,NA,NA,NA,NA,NA,NA,NA,NA,NA,NA,NA,NA,NA,NA,NA,NA,NA,NA,NA,NA,NA,NA,0.197488269,NA,NA,NA,NA,NA
"402",2020-05-29,2105,0.3290598201,NA,3.11733682799685,NA,NA,NA,NA,NA,NA,NA,NA,0.3290598201,NA,NA,NA,NA,NA,NA,NA,NA,NA,NA,NA,NA,NA,NA,NA,NA,NA,NA,NA,NA,NA,NA,NA,NA,NA,NA,NA,NA,NA,NA,NA,NA,NA,NA,NA
"403",2020-05-30,2105,0.33870969,NA,3.21201355118882,NA,NA,NA,NA,NA,NA,NA,NA,0.33870969,NA,NA,NA,NA,NA,NA,NA,NA,NA,NA,NA,NA,NA,NA,NA,NA,NA,NA,NA,NA,NA,NA,NA,NA,NA,NA,NA,NA,NA,NA,NA,NA,NA,NA,NA
"404",2020-05-31,2105,0.3124889963,NA,2.12712575948708,NA,NA,NA,NA,NA,NA,NA,NA,0.1993957713,NA,NA,NA,NA,NA,NA,NA,NA,NA,NA,NA,NA,NA,NA,NA,NA,NA,NA,NA,NA,NA,NA,NA,NA,NA,NA,NA,NA,NA,0.113093225,NA,NA,NA,NA,NA
"405",2020-06-01,2105,0.5313660266,NA,3.20451104637164,NA,NA,NA,NA,NA,NA,NA,NA,0.2380952376,NA,NA,NA,NA,NA,NA,NA,NA,NA,NA,NA,NA,NA,NA,NA,NA,NA,NA,NA,NA,NA,NA,NA,NA,NA,NA,NA,NA,NA,0.208293996,NA,NA,0.084976793,NA,NA
"406",2020-06-02,2105,0.2479438877,NA,2.80749750594854,NA,NA,NA,NA,NA,NA,NA,NA,0.1438953417,NA,NA,NA,NA,NA,NA,NA,NA,NA,NA,NA,NA,NA,NA,NA,NA,NA,NA,NA,NA,NA,NA,NA,NA,NA,NA,NA,NA,NA,0.104048546,NA,NA,NA,NA,NA
"407",2020-06-03,2105,0.1447368417,NA,2.99237544713595,NA,NA,NA,NA,NA,NA,NA,NA,0.1447368417,NA,NA,NA,NA,NA,NA,NA,NA,NA,NA,NA,NA,NA,NA,NA,NA,NA,NA,NA,NA,NA,NA,NA,NA,NA,NA,NA,NA,NA,NA,NA,NA,NA,NA,NA
"408",2020-06-04,2105,0.1422413784,NA,3.10218664596776,NA,NA,NA,NA,NA,NA,NA,NA,0.1422413784,NA,NA,NA,NA,NA,NA,NA,NA,NA,NA,NA,NA,NA,NA,NA,NA,NA,NA,NA,NA,NA,NA,NA,NA,NA,NA,NA,NA,NA,NA,NA,NA,NA,NA,NA
"409",2020-06-05,2105,0.68043698018,NA,3.23195661358895,NA,NA,NA,NA,NA,NA,NA,NA,0.383720931,NA,NA,NA,NA,NA,NA,NA,NA,NA,NA,NA,NA,NA,NA,NA,NA,NA,NA,NA,NA,NA,NA,NA,NA,NA,0.11334449418,0.07933169,NA,NA,0.104039865,NA,NA,NA,NA,NA
"410",2020-06-06,2105,0.200607891,NA,3.04309908916896,NA,NA,NA,NA,NA,NA,NA,NA,0.200607891,NA,NA,NA,NA,NA,NA,NA,NA,NA,NA,NA,NA,NA,NA,NA,NA,NA,NA,NA,NA,NA,NA,NA,NA,NA,NA,NA,NA,NA,NA,NA,NA,NA,NA,NA
"411",2020-06-07,2105,0.05182926,NA,3.0174418390761,NA,NA,NA,NA,NA,NA,NA,NA,0.05182926,NA,NA,NA,NA,NA,NA,NA,NA,NA,NA,NA,NA,NA,NA,NA,NA,NA,NA,NA,NA,NA,NA,NA,NA,NA,NA,NA,NA,NA,NA,NA,NA,NA,NA,NA
"412",2020-06-08,2105,0.214247973,NA,2.87246092211944,NA,NA,NA,NA,NA,NA,NA,NA,0.199714683,NA,NA,NA,NA,NA,NA,NA,NA,NA,NA,NA,NA,NA,NA,NA,NA,NA,NA,NA,NA,0.01453329,NA,NA,NA,NA,NA,NA,NA,NA,NA,NA,NA,NA,NA,NA
"413",2020-06-09,2105,0.1497860315,NA,2.98364172899214,NA,NA,NA,NA,NA,NA,NA,NA,0.1497860315,NA,NA,NA,NA,NA,NA,NA,NA,NA,NA,NA,NA,NA,NA,NA,NA,NA,NA,NA,NA,NA,NA,NA,NA,NA,NA,NA,NA,NA,NA,NA,NA,NA,NA,NA
"414",2020-06-10,2105,0.096551735,NA,2.97707360217752,NA,NA,NA,NA,NA,NA,NA,NA,0.096551735,NA,NA,NA,NA,NA,NA,NA,NA,NA,NA,NA,NA,NA,NA,NA,NA,NA,NA,NA,NA,NA,NA,NA,NA,NA,NA,NA,NA,NA,NA,NA,NA,NA,NA,NA
"415",2020-06-11,2105,0.3049450386,NA,3.00617764638987,NA,NA,NA,NA,NA,NA,NA,NA,0.3049450386,NA,NA,NA,NA,NA,NA,NA,NA,NA,NA,NA,NA,NA,NA,NA,NA,NA,NA,NA,NA,NA,NA,NA,NA,NA,NA,NA,NA,NA,NA,NA,NA,NA,NA,NA
"416",2020-06-12,2105,0.521126759,NA,3.09663847634175,NA,NA,NA,NA,NA,NA,NA,NA,0.521126759,NA,NA,NA,NA,NA,NA,NA,NA,NA,NA,NA,NA,NA,NA,NA,NA,NA,NA,NA,NA,NA,NA,NA,NA,NA,NA,NA,NA,NA,NA,NA,NA,NA,NA,NA
"417",2020-05-13,2230,0.037500003,NA,3.16141258528947,NA,NA,NA,NA,NA,NA,NA,NA,0.037500003,NA,NA,NA,NA,NA,NA,NA,NA,NA,NA,NA,NA,NA,NA,NA,NA,NA,NA,NA,NA,NA,NA,NA,NA,NA,NA,NA,NA,NA,NA,NA,NA,NA,NA,NA
"418",2020-05-31,2230,0.049848942,NA,2.99049956921691,NA,NA,NA,NA,NA,NA,NA,NA,0.049848942,NA,NA,NA,NA,NA,NA,NA,NA,NA,NA,NA,NA,NA,NA,NA,NA,NA,NA,NA,NA,NA,NA,NA,NA,NA,NA,NA,NA,NA,NA,NA,NA,NA,NA,NA
"419",2020-06-05,2230,0.095930241,NA,3.13296865053348,NA,NA,NA,NA,NA,NA,NA,NA,0.095930241,NA,NA,NA,NA,NA,NA,NA,NA,NA,NA,NA,NA,NA,NA,NA,NA,NA,NA,NA,NA,NA,NA,NA,NA,NA,NA,NA,NA,NA,NA,NA,NA,NA,NA,NA
"420",2020-06-07,2230,0.05182926,NA,2.60119546343407,NA,NA,NA,NA,NA,NA,NA,NA,0.05182926,NA,NA,NA,NA,NA,NA,NA,NA,NA,NA,NA,NA,NA,NA,NA,NA,NA,NA,NA,NA,NA,NA,NA,NA,NA,NA,NA,NA,NA,NA,NA,NA,NA,NA,NA
"421",2020-05-02,2282,0.0376569,NA,0.583214714414531,NA,NA,NA,NA,NA,NA,NA,NA,0.0376569,NA,NA,NA,NA,NA,NA,NA,NA,NA,NA,NA,NA,NA,NA,NA,NA,NA,NA,NA,NA,NA,NA,NA,NA,NA,NA,NA,NA,NA,NA,NA,NA,NA,NA,NA
"422",2020-05-03,2282,0.2050221043,NA,0.513438154178285,NA,NA,NA,NA,NA,NA,NA,NA,0.0385714143,NA,NA,NA,NA,NA,NA,NA,NA,NA,NA,NA,NA,NA,NA,NA,NA,NA,NA,NA,NA,NA,NA,NA,NA,NA,NA,NA,NA,NA,0.09063469,NA,NA,0.075816,NA,NA
"423",2020-05-27,2282,0.043478275,NA,0.826261351818619,NA,NA,NA,NA,NA,NA,NA,NA,0.043478275,NA,NA,NA,NA,NA,NA,NA,NA,NA,NA,NA,NA,NA,NA,NA,NA,NA,NA,NA,NA,NA,NA,NA,NA,NA,NA,NA,NA,NA,NA,NA,NA,NA,NA,NA
"424",2020-06-10,2282,0.04827585,NA,2.15206856679018,NA,NA,NA,NA,NA,NA,NA,NA,0.04827585,NA,NA,NA,NA,NA,NA,NA,NA,NA,NA,NA,NA,NA,NA,NA,NA,NA,NA,NA,NA,NA,NA,NA,NA,NA,NA,NA,NA,NA,NA,NA,NA,NA,NA,NA
"425",2020-06-05,2013,0.025731024,NA,2.24971728181031,NA,NA,NA,NA,NA,NA,NA,NA,NA,0.025731024,NA,NA,NA,NA,NA,NA,NA,NA,NA,NA,NA,NA,NA,NA,NA,NA,NA,NA,NA,NA,NA,NA,NA,NA,NA,NA,NA,NA,NA,NA,NA,NA,NA,NA
"426",2020-06-09,2013,0.036774478,NA,1.77753486296895,NA,NA,NA,NA,NA,NA,NA,NA,NA,0.036774478,NA,NA,NA,NA,NA,NA,NA,NA,NA,NA,NA,NA,NA,NA,NA,NA,NA,NA,NA,NA,NA,NA,NA,NA,NA,NA,NA,NA,NA,NA,NA,NA,NA,NA
"427",2020-05-04,2016,0.01054216821,NA,2.41556091926723,NA,NA,NA,NA,NA,NA,NA,NA,NA,0.01054216821,NA,NA,NA,NA,NA,NA,NA,NA,NA,NA,NA,NA,NA,NA,NA,NA,NA,NA,NA,NA,NA,NA,NA,NA,NA,NA,NA,NA,NA,NA,NA,NA,NA,NA
"428",2020-05-07,2016,0.01043219121,NA,2.72296310930832,NA,NA,NA,NA,NA,NA,NA,NA,NA,0.01043219121,NA,NA,NA,NA,NA,NA,NA,NA,NA,NA,NA,NA,NA,NA,NA,NA,NA,NA,NA,NA,NA,NA,NA,NA,NA,NA,NA,NA,NA,NA,NA,NA,NA,NA
"429",2020-05-10,2016,0.00991885422,NA,2.78951508277633,NA,NA,NA,NA,NA,NA,NA,NA,NA,0.00991885422,NA,NA,NA,NA,NA,NA,NA,NA,NA,NA,NA,NA,NA,NA,NA,NA,NA,NA,NA,NA,NA,NA,NA,NA,NA,NA,NA,NA,NA,NA,NA,NA,NA,NA
"430",2020-05-12,2016,0.01117886,NA,2.46822035809203,NA,NA,NA,NA,NA,NA,NA,NA,NA,0.01117886,NA,NA,NA,NA,NA,NA,NA,NA,NA,NA,NA,NA,NA,NA,NA,NA,NA,NA,NA,NA,NA,NA,NA,NA,NA,NA,NA,NA,NA,NA,NA,NA,NA,NA
"431",2020-04-30,2164,0.00959112381,NA,2.81880730559157,NA,NA,NA,NA,NA,NA,NA,NA,NA,0.00959112381,NA,NA,NA,NA,NA,NA,NA,NA,NA,NA,NA,NA,NA,NA,NA,NA,NA,NA,NA,NA,NA,NA,NA,NA,NA,NA,NA,NA,NA,NA,NA,NA,NA,NA
"432",2020-05-14,2164,0.02149488088,NA,3.1561047877146,NA,NA,NA,NA,NA,NA,NA,NA,NA,0.02149488088,NA,NA,NA,NA,NA,NA,NA,NA,NA,NA,NA,NA,NA,NA,NA,NA,NA,NA,NA,NA,NA,NA,NA,NA,NA,NA,NA,NA,NA,NA,NA,NA,NA,NA
"433",2020-06-04,2164,0.05391076178,NA,2.95099443590909,NA,NA,NA,NA,NA,NA,NA,NA,NA,0.05391076178,NA,NA,NA,NA,NA,NA,NA,NA,NA,NA,NA,NA,NA,NA,NA,NA,NA,NA,NA,NA,NA,NA,NA,NA,NA,NA,NA,NA,NA,NA,NA,NA,NA,NA
"434",2020-05-24,2180,0,3,2.03125185268372,NA,NA,NA,NA,NA,NA,NA,NA,NA,NA,NA,NA,NA,NA,NA,NA,NA,NA,NA,NA,NA,NA,NA,NA,NA,NA,NA,NA,NA,NA,NA,NA,NA,NA,NA,NA,NA,NA,NA,NA,NA,NA,NA,NA
"435",2020-05-28,2180,0,3,2.99911503348571,NA,NA,NA,NA,NA,NA,NA,NA,NA,NA,NA,NA,NA,NA,NA,NA,NA,NA,NA,NA,NA,NA,NA,NA,NA,NA,NA,NA,NA,NA,NA,NA,NA,NA,NA,NA,NA,NA,NA,NA,NA,NA,NA,NA
"436",2020-06-07,2180,0.048738644949,3,2.72225550339745,NA,NA,NA,NA,NA,NA,NA,NA,NA,NA,NA,NA,NA,NA,NA,NA,NA,NA,NA,NA,NA,NA,NA,NA,NA,NA,NA,NA,NA,NA,NA,NA,NA,NA,NA,NA,NA,NA,NA,0.048738644949,NA,NA,NA,NA
"437",2020-04-24,2060,0,NA,3.21896896652428,NA,NA,NA,NA,NA,NA,NA,NA,NA,NA,NA,NA,NA,NA,NA,NA,NA,NA,NA,NA,NA,NA,NA,NA,NA,NA,NA,NA,NA,NA,NA,NA,NA,NA,NA,NA,NA,NA,NA,NA,NA,NA,NA,NA
"438",2020-05-21,2060,0.069282702,NA,3.77108201651464,NA,NA,NA,NA,NA,NA,NA,NA,NA,NA,NA,NA,0.004769478,NA,NA,NA,NA,NA,NA,NA,NA,NA,0.064513224,NA,NA,NA,NA,NA,NA,NA,NA,NA,NA,NA,NA,NA,NA,NA,NA,NA,NA,NA,NA,NA
"439",2020-05-05,2164,0.00466962,NA,2.44792380257577,NA,NA,NA,NA,NA,NA,NA,NA,NA,NA,NA,NA,0.00466962,NA,NA,NA,NA,NA,NA,NA,NA,NA,NA,NA,NA,NA,NA,NA,NA,NA,NA,NA,NA,NA,NA,NA,NA,NA,NA,NA,NA,NA,NA,NA
"440",2020-05-24,2158,0,NA,2.55266739216881,NA,NA,NA,NA,NA,NA,NA,NA,NA,NA,NA,NA,NA,0,NA,NA,NA,NA,NA,NA,NA,NA,NA,NA,NA,NA,NA,NA,NA,NA,NA,NA,NA,NA,NA,NA,NA,NA,NA,NA,NA,NA,NA,NA
"441",2020-05-27,2158,0.0275229375,NA,2.53414078386775,NA,NA,NA,NA,NA,NA,NA,NA,NA,NA,NA,NA,NA,0.0275229375,NA,NA,NA,NA,NA,NA,NA,NA,NA,NA,NA,NA,NA,NA,NA,NA,NA,NA,NA,NA,NA,NA,NA,NA,NA,NA,NA,NA,NA,NA
"442",2020-05-28,2158,0,NA,2.58879415315093,NA,NA,NA,NA,NA,NA,NA,NA,NA,NA,NA,NA,NA,0,NA,NA,NA,NA,NA,NA,NA,NA,NA,NA,NA,NA,NA,NA,NA,NA,NA,NA,NA,NA,NA,NA,NA,NA,NA,NA,NA,NA,NA,NA
"443",2020-05-30,2158,0.10227273,NA,2.53034531959284,NA,NA,NA,NA,NA,NA,NA,NA,NA,NA,NA,NA,NA,0.10227273,NA,NA,NA,NA,NA,NA,NA,NA,NA,NA,NA,NA,NA,NA,NA,NA,NA,NA,NA,NA,NA,NA,NA,NA,NA,NA,NA,NA,NA,NA
"444",2020-05-31,2158,0.061224489,NA,2.52866867967704,NA,NA,NA,NA,NA,NA,NA,NA,NA,NA,NA,NA,NA,0.061224489,NA,NA,NA,NA,NA,NA,NA,NA,NA,NA,NA,NA,NA,NA,NA,NA,NA,NA,NA,NA,NA,NA,NA,NA,NA,NA,NA,NA,NA,NA
"445",2020-06-07,2158,0.034883721,NA,2.12813458531472,NA,NA,NA,NA,NA,NA,NA,NA,NA,NA,NA,NA,NA,0.034883721,NA,NA,NA,NA,NA,NA,NA,NA,NA,NA,NA,NA,NA,NA,NA,NA,NA,NA,NA,NA,NA,NA,NA,NA,NA,NA,NA,NA,NA,NA
"446",2020-05-09,2013,0.05451024,NA,0.942850289309302,NA,NA,NA,NA,NA,NA,NA,NA,NA,NA,NA,NA,NA,NA,NA,NA,NA,NA,NA,NA,NA,NA,0.05451024,NA,NA,NA,NA,NA,NA,NA,NA,NA,NA,NA,NA,NA,NA,NA,NA,NA,NA,NA,NA,NA
"447",2020-05-01,2013,0.08110046,NA,1.82481592413228,NA,NA,NA,NA,NA,NA,NA,NA,NA,NA,NA,NA,NA,NA,NA,NA,NA,NA,NA,NA,NA,NA,NA,NA,NA,NA,NA,NA,NA,NA,NA,NA,NA,NA,NA,NA,NA,NA,0.08110046,NA,NA,NA,NA,NA
"448",2020-05-06,2013,0.08669045,NA,2.13121735025476,NA,NA,NA,NA,NA,NA,NA,NA,NA,NA,NA,NA,NA,NA,NA,NA,NA,NA,NA,NA,NA,NA,NA,NA,NA,NA,NA,NA,NA,NA,NA,NA,NA,NA,NA,NA,NA,NA,0.08669045,NA,NA,NA,NA,NA
"449",2020-05-11,2013,0.092484828,NA,2.28720826995646,NA,NA,NA,NA,NA,NA,NA,NA,NA,NA,NA,NA,NA,NA,NA,NA,NA,NA,NA,NA,NA,NA,NA,NA,NA,NA,NA,NA,NA,NA,NA,NA,NA,NA,NA,NA,NA,NA,0.092484828,NA,NA,NA,NA,NA
"450",2020-06-04,2013,0.044927676,NA,1.87474499700923,NA,NA,NA,NA,NA,NA,NA,NA,NA,NA,NA,NA,NA,NA,NA,NA,NA,NA,NA,NA,NA,NA,NA,NA,NA,NA,NA,NA,NA,NA,NA,NA,NA,NA,NA,NA,NA,NA,NA,0.044927676,NA,NA,NA,NA
"451",2020-06-07,2013,0.101706509949,NA,1.35535148752799,NA,NA,NA,NA,NA,NA,NA,NA,NA,NA,NA,NA,NA,NA,NA,NA,NA,NA,NA,NA,NA,NA,NA,NA,NA,NA,NA,NA,NA,NA,NA,NA,NA,NA,NA,NA,NA,NA,NA,0.048738644949,NA,NA,NA,0.052967865
