"","local_date","next_area_fip","inflow_cases","next_area_active_cases","next_area_cmi","8001","8031","8035","8057","8061","8069","8123","15001","15007","16001","16011","16019","16023","16033","16053","16065","20071","26115","26147","30003","30011","30025","30031","30033","30069","30071","30075","30077","30091","30101","30109","30111","31009","31049","31075","31111","31157","31185","32007","32013","32015","36029","38001","39095","39123","46007","46063","46103","49003","49009","49011","49033","49035","49043","49045","49049","49057","53047","56001","56005","56007","56009","56013","56021","56025","56037","56039","56041","56043"
"1",2020-04-23,56013,2.0941857306,59,3.40176477473805,0.177392544,NA,NA,NA,NA,NA,NA,NA,NA,NA,NA,NA,NA,NA,NA,NA,NA,NA,NA,NA,NA,NA,NA,NA,NA,NA,NA,NA,NA,NA,NA,NA,NA,NA,NA,NA,NA,NA,NA,NA,NA,NA,NA,NA,NA,NA,NA,NA,NA,NA,NA,NA,0.257695851,NA,NA,NA,NA,NA,NA,NA,0.0296022204,0.090090096,NA,NA,0.3996978804,0.099866256,0.8467374348,NA,0.193103448
"2",2020-04-22,56021,24.421272679645,114,3.61241091254308,2.8905389583,NA,NA,NA,NA,3.6155574,14.515951888,NA,NA,NA,NA,NA,NA,NA,NA,NA,NA,NA,0.022674854745,NA,NA,NA,NA,NA,NA,NA,NA,NA,NA,0,NA,NA,NA,NA,NA,0.357097393,0.1978586786,NA,NA,NA,NA,NA,NA,NA,NA,NA,NA,NA,NA,NA,NA,NA,NA,NA,NA,NA,NA,NA,0.453488364,NA,0.21771218,0.36842104,0.329162631,NA,0.514233264,0.680403344,NA,0.258172684,NA
"3",2020-04-23,56021,25.6237145098,117,3.55415408659484,2.9092409208,NA,NA,NA,NA,3.787934311,15.682270127,NA,NA,NA,NA,NA,NA,NA,NA,NA,NA,NA,NA,NA,NA,NA,NA,NA,NA,NA,NA,NA,NA,NA,NA,NA,NA,NA,NA,0.264949114,0.236503848,NA,NA,NA,NA,NA,NA,NA,NA,NA,NA,NA,NA,NA,NA,NA,NA,NA,NA,NA,NA,NA,0.494239614,NA,0.314523576,0.378378384,NA,NA,0.592145008,0.634864032,NA,0.328665575,NA
"4",2020-04-24,56021,33.4021140448,120,3.58526395356692,3.5981926805,5.9559835323,NA,NA,NA,4.24336458,16.844254147,NA,NA,NA,NA,NA,NA,NA,NA,NA,NA,NA,NA,NA,NA,NA,NA,NA,NA,NA,NA,NA,NA,NA,NA,NA,NA,NA,NA,0.303857031,0.291139244,NA,NA,NA,NA,NA,NA,NA,NA,NA,NA,NA,NA,NA,NA,NA,NA,NA,NA,NA,NA,NA,0.533692716,NA,0.240875916,NA,NA,NA,0.476569394,0.628113088,NA,0.286071716,NA
"5",2020-04-25,56021,27.3331716645,124,3.48249683903407,3.5192812155,NA,NA,NA,NA,4.27932744,16.334183756,NA,NA,NA,NA,NA,NA,NA,NA,NA,NA,NA,NA,NA,NA,NA,NA,NA,NA,NA,NA,NA,NA,NA,NA,NA,NA,NA,NA,0.350750925,0.39039039,NA,NA,NA,NA,NA,NA,NA,NA,NA,NA,NA,NA,NA,NA,NA,NA,NA,NA,NA,NA,NA,0.509554134,NA,0.279605268,NA,NA,NA,0.709527938,0.68183696,NA,0.278713638,NA
"6",2020-04-27,56021,30.9319224476,128,3.60617928032676,3.709636755,NA,NA,NA,NA,4.738441004,18.755681256,NA,NA,NA,NA,NA,NA,NA,NA,NA,NA,NA,NA,NA,NA,NA,NA,NA,NA,NA,NA,NA,NA,NA,NA,NA,NA,NA,NA,0.276363645,0.437965785,NA,NA,NA,NA,NA,NA,NA,NA,NA,NA,NA,NA,NA,NA,NA,NA,NA,NA,NA,NA,NA,0.641451391,NA,0.233940556,0.481313707,0.5140640766,NA,0.52751195,0.40930232,NA,0.206250002,NA
"7",2020-04-28,56021,32.9694775041,134,3.58504876689851,4.2067602621,NA,NA,NA,NA,4.84805223,20.85994656,NA,NA,NA,NA,NA,NA,NA,NA,NA,NA,NA,NA,NA,NA,NA,NA,NA,NA,NA,NA,NA,NA,NA,NA,NA,NA,NA,NA,0.288250482,0.309933783,0.187172777,NA,NA,NA,NA,NA,NA,NA,NA,NA,NA,NA,NA,NA,NA,NA,NA,NA,NA,NA,NA,0.652199384,NA,0.220385672,NA,NA,NA,0.583333338,0.592337488,NA,0.221105528,NA
"8",2020-04-30,56021,36.876732528,145,3.66051025995586,4.8059994618,NA,NA,NA,NA,5.091859104,23.040498744,NA,NA,NA,NA,NA,NA,NA,NA,NA,NA,NA,NA,NA,NA,NA,NA,NA,NA,NA,NA,NA,NA,NA,NA,NA,NA,NA,NA,0.447110832,0.417619662,NA,NA,NA,NA,NA,NA,NA,NA,NA,NA,NA,NA,NA,NA,NA,NA,NA,NA,NA,NA,NA,0.731277528,NA,0.246741964,0.523243248,NA,NA,0.4451934102,0.820234134,NA,0.30695444,NA
"9",2020-05-01,56021,37.4950637123,147,3.70479066982439,4.9734810453,NA,NA,NA,NA,5.818373878,22.286045868,NA,NA,NA,NA,NA,NA,NA,NA,NA,NA,NA,NA,NA,NA,NA,NA,NA,NA,NA,NA,NA,NA,NA,NA,NA,NA,NA,NA,0.629471071,0.370874591,NA,NA,NA,NA,NA,NA,NA,NA,NA,NA,NA,NA,NA,NA,NA,NA,NA,NA,NA,NA,NA,0.741200808,NA,0.34970857,0.57831323,NA,NA,0.595830935,0.814720788,NA,0.337042928,NA
"10",2020-05-02,56021,37.2382712872,151,3.47520369684089,6.070292124,NA,NA,NA,NA,5.951548692,19.439052696,NA,NA,NA,NA,NA,NA,NA,NA,NA,NA,NA,NA,NA,NA,NA,NA,NA,NA,NA,NA,NA,NA,NA,NA,NA,NA,NA,NA,0.72551392,0.416806718,0.262454448,NA,NA,NA,NA,NA,NA,NA,NA,NA,NA,NA,NA,NA,NA,NA,NA,NA,NA,NA,NA,0.706493496,NA,0.353618415,0.654152453,0.8699029632,NA,0.54088416,0.916770186,NA,0.330781016,NA
"11",2020-05-03,56021,32.6197193988,154,3.26697223074989,4.233978016,NA,NA,NA,NA,5.309563571,18.430479856,NA,NA,NA,NA,NA,NA,NA,NA,NA,NA,NA,NA,NA,NA,NA,NA,NA,NA,NA,NA,NA,NA,0.1090047326,NA,NA,NA,NA,NA,0.558603456,0.2299239052,NA,NA,NA,NA,NA,NA,NA,NA,NA,NA,NA,NA,NA,NA,NA,NA,NA,NA,NA,NA,NA,0.73315364,NA,0.261496845,0.972973025,NA,NA,0.577634304,0.727193736,NA,0.280592352,0.19512196
"12",2020-05-04,56021,35.3449942783,158,3.63315721068896,5.6106667723,NA,NA,NA,NA,6.312946809,20.375423745,NA,NA,NA,NA,NA,NA,NA,NA,NA,NA,NA,NA,NA,NA,NA,NA,NA,NA,NA,NA,NA,NA,NA,NA,NA,NA,NA,NA,0.457737312,0.403389838,NA,NA,NA,NA,NA,NA,NA,NA,NA,NA,NA,NA,NA,NA,NA,NA,NA,NA,NA,NA,NA,0.680239496,NA,0.27749747,NA,NA,NA,0.480848544,0.502977564,NA,0.243266728,NA
"13",2020-05-05,56021,40.8352496139,162,3.6673190899006,6.2875708769,NA,NA,NA,NA,6.474224138,25.114164768,NA,NA,NA,NA,NA,NA,NA,NA,NA,NA,NA,NA,NA,NA,NA,NA,NA,NA,NA,NA,NA,NA,NA,NA,NA,NA,NA,NA,NA,0.434412254,NA,NA,NA,NA,NA,NA,NA,NA,NA,NA,NA,NA,NA,NA,NA,NA,NA,NA,NA,NA,NA,0.684642432,NA,0.298642535,NA,NA,NA,0.522660384,0.729310338,NA,0.289621888,NA
"14",2020-05-06,56021,42.8349553217,163,3.64376627950118,5.1195458427,NA,NA,NA,NA,6.620320787,26.904128917,NA,NA,NA,NA,NA,NA,NA,NA,NA,NA,NA,NA,NA,NA,NA,NA,NA,NA,NA,NA,NA,NA,NA,NA,NA,NA,NA,NA,0.60725553,0.408383745,NA,NA,NA,NA,NA,NA,NA,NA,NA,NA,NA,NA,NA,NA,NA,NA,NA,NA,NA,NA,NA,0.658669592,NA,0.280373825,0.625523019,NA,NA,0.68105232,0.664882656,NA,0.264819088,NA
"15",2020-05-07,56021,42.2299273878,163,3.64828550034309,5.0436673488,NA,NA,NA,NA,6.65471943,26.878028211,NA,NA,NA,NA,NA,NA,NA,NA,NA,NA,NA,NA,NA,NA,NA,NA,NA,NA,NA,NA,NA,NA,NA,NA,NA,NA,NA,NA,0.649572696,0.527789745,NA,NA,NA,NA,NA,NA,NA,NA,NA,NA,NA,NA,NA,NA,NA,NA,NA,NA,NA,NA,NA,0.62447256,NA,0.30131005,NA,NA,NA,0.536628432,0.744146419,NA,0.269592496,NA
"16",2020-05-08,56021,45.6463088133,163,3.70889841066802,6.7055838003,NA,NA,NA,NA,8.081868511,25.845826776,NA,NA,NA,NA,NA,NA,NA,NA,NA,NA,NA,NA,NA,NA,NA,NA,NA,NA,NA,NA,NA,NA,NA,NA,NA,NA,NA,NA,0.812895468,0.708505395,NA,NA,NA,NA,NA,NA,NA,NA,NA,NA,NA,NA,NA,NA,NA,NA,NA,NA,NA,NA,NA,0.692713856,NA,0.30795552,0.594187313,NA,NA,0.665703552,0.862916692,NA,0.36815193,NA
"17",2020-05-09,56021,50.2186387404,163,3.56941178158569,6.4893724524,NA,NA,NA,NA,9.277221816,29.312831079,NA,NA,NA,NA,NA,NA,NA,NA,NA,NA,NA,NA,NA,NA,NA,NA,NA,NA,NA,NA,NA,NA,NA,NA,NA,NA,NA,NA,0.935846748,0.565872037,NA,NA,NA,NA,NA,NA,NA,NA,NA,NA,NA,NA,NA,NA,NA,NA,NA,NA,NA,NA,NA,0.82235528,NA,0.31839624,0.677236702,NA,NA,0.644859792,0.794646614,NA,0.37999998,NA
"18",2020-05-11,56021,47.3753416859,166,3.61321381142621,7.4497082153,NA,NA,NA,NA,7.197638626,28.994629635,NA,NA,NA,NA,NA,NA,NA,NA,NA,NA,NA,NA,NA,NA,NA,NA,NA,NA,NA,NA,NA,NA,0,NA,NA,NA,NA,NA,NA,0.759275176,NA,NA,NA,NA,NA,NA,NA,NA,NA,NA,NA,NA,NA,NA,NA,NA,NA,NA,NA,NA,NA,0.80738176,NA,0.26027398,0.623024851,NA,NA,0.4605990336,0.5505415,NA,0.272268909,NA
"19",2020-05-12,56021,42.2704596488,170,3.574069617186,6.52587372,NA,NA,NA,NA,6.78216748,25.195586118,NA,NA,NA,NA,NA,NA,NA,NA,NA,NA,NA,NA,NA,NA,NA,NA,NA,NA,NA,NA,NA,NA,0.2200956848,NA,NA,NA,NA,NA,0.492073764,0.678819424,NA,NA,NA,NA,NA,NA,NA,NA,NA,NA,NA,NA,NA,NA,NA,NA,NA,NA,NA,NA,NA,0.69061416,NA,0.25225226,NA,NA,NA,0.48582396,0.6079571,NA,0.339195978,NA
"20",2020-05-13,56021,47.6301405818,173,3.68729578330604,7.2402732688,NA,NA,NA,NA,7.360690782,28.758209368,NA,NA,NA,NA,NA,NA,NA,NA,NA,NA,NA,NA,NA,NA,NA,NA,NA,NA,NA,NA,NA,NA,NA,NA,NA,NA,NA,NA,NA,0.829760419,NA,NA,NA,NA,NA,NA,NA,NA,NA,NA,NA,NA,NA,NA,NA,NA,NA,NA,NA,NA,NA,0.702355448,NA,0.31888798,0.643010747,NA,NA,0.553154688,0.8999598,NA,0.323838081,NA
"21",2020-05-14,56021,50.2480086273,173,3.67639116969666,7.3177658793,NA,NA,NA,NA,8.204605848,29.018819997,NA,NA,NA,NA,NA,NA,NA,NA,NA,NA,NA,NA,NA,NA,NA,NA,NA,NA,NA,NA,NA,NA,NA,NA,NA,NA,NA,NA,0.636638496,0.903010032,NA,NA,NA,NA,NA,NA,NA,NA,NA,NA,NA,NA,NA,NA,NA,NA,NA,NA,NA,NA,NA,0.777377904,0.172303471,0.403199993,0.864661701,NA,NA,0.721608594,0.866067762,NA,0.36194895,NA
"22",2020-05-15,56021,63.760091864,178,3.72170822680599,8.32886946,11.60478466,NA,NA,NA,8.817387348,30.331523784,NA,NA,NA,NA,NA,NA,NA,NA,NA,NA,NA,NA,NA,NA,NA,NA,NA,NA,NA,NA,NA,NA,NA,NA,NA,NA,NA,NA,NA,0.866504841,NA,NA,NA,NA,NA,NA,NA,NA,NA,NA,NA,NA,NA,NA,NA,NA,NA,NA,NA,NA,NA,0.744554464,NA,0.431703208,0.839055824,NA,NA,0.6525965,0.859444168,NA,0.283667607,NA
"23",2020-05-16,56021,58.216101444,181,3.65081654398348,7.926541209,NA,NA,NA,NA,10.098091856,31.136267084,NA,NA,NA,NA,NA,NA,NA,NA,NA,NA,NA,NA,NA,NA,NA,NA,NA,NA,NA,NA,NA,NA,NA,NA,NA,NA,NA,NA,0.976460352,0.923368413,NA,NA,NA,NA,NA,NA,NA,0.009395356,NA,NA,NA,NA,NA,NA,NA,NA,NA,NA,NA,NA,NA,1.08744714,NA,1.140898738,0.935406665,1.619135298,NA,0.727897018,1.119018885,NA,0.51617343,NA
"24",2020-05-17,56021,46.7116061109,181,3.50126367668937,7.1965609029,NA,NA,NA,NA,8.62290468,25.872001716,NA,NA,NA,NA,NA,NA,NA,NA,NA,NA,NA,NA,NA,NA,NA,NA,NA,NA,NA,NA,NA,NA,NA,NA,NA,NA,NA,NA,NA,0.559585476,NA,NA,NA,NA,NA,NA,NA,NA,NA,NA,NA,NA,NA,NA,NA,NA,NA,NA,NA,NA,NA,0.94009905,NA,0.968553432,0.874109296,NA,NA,0.753216352,0.924575206,NA,NA,NA
"25",2020-05-18,56021,49.818640689421,181,3.71054576433169,8.4257029062,NA,NA,NA,NA,8.672889864,27.913296096,NA,NA,NA,NA,NA,NA,NA,NA,NA,NA,NA,NA,NA,NA,NA,NA,NA,NA,NA,NA,NA,NA,NA,NA,NA,NA,NA,NA,NA,0.570101328,NA,NA,NA,NA,NA,NA,0.062183164221,NA,NA,NA,NA,NA,NA,NA,NA,NA,NA,NA,NA,NA,NA,1.0054645,NA,0.755752242,0.745140384,NA,NA,0.740029086,0.606060603,NA,0.322020516,NA
"26",2020-05-19,56021,65.3031054531,183,3.71756487131846,8.9436068361,11.257747225,NA,NA,NA,8.772001788,30.73288461,NA,NA,NA,NA,NA,NA,NA,NA,NA,NA,NA,NA,NA,NA,NA,NA,NA,NA,NA,NA,NA,NA,NA,NA,NA,NA,NA,NA,NA,1.123623036,NA,NA,NA,NA,NA,NA,NA,NA,NA,NA,NA,NA,NA,NA,NA,NA,NA,NA,NA,NA,NA,0.8626198,NA,0.71059434,0.830188656,NA,NA,0.9384704,0.79829424,NA,0.333074522,NA
"27",2020-05-20,56021,54.591559564,182,3.71163320818156,9.621530072,NA,NA,NA,NA,8.77018799,30.178780585,NA,NA,NA,NA,NA,NA,NA,NA,NA,NA,NA,NA,NA,NA,NA,NA,NA,NA,NA,NA,NA,NA,0,NA,NA,NA,NA,NA,NA,0.75638508,NA,NA,NA,NA,NA,NA,NA,NA,NA,NA,NA,NA,NA,NA,NA,NA,NA,NA,NA,NA,NA,0.86508751,NA,0.940458,1.015105776,NA,NA,0.849468378,1.1234818,NA,0.471074373,NA
"28",2020-05-21,56021,71.3975559041,182,3.72834256657691,10.3295289801,12.4967839,NA,NA,NA,9.25159784,32.968831511,NA,NA,NA,NA,NA,NA,NA,NA,NA,NA,NA,NA,NA,NA,NA,NA,NA,NA,NA,NA,NA,NA,NA,NA,NA,NA,NA,NA,NA,1.023255836,NA,NA,NA,NA,NA,NA,NA,NA,NA,NA,NA,NA,NA,NA,NA,NA,NA,NA,NA,NA,NA,0.87890625,NA,1.026987552,0.845595888,NA,NA,1.105914663,0.9284868,NA,0.541666684,NA
"29",2020-05-22,56021,76.403597656248,182,3.78049853396252,11.127726324,14.6879933873,NA,NA,NA,10.062811046,34.805086008,0.013513554,NA,NA,NA,NA,NA,NA,NA,NA,NA,NA,NA,NA,NA,NA,NA,NA,NA,NA,NA,NA,NA,NA,NA,NA,NA,NA,NA,NA,0.989914652,NA,NA,NA,NA,0.161423556948,NA,NA,NA,NA,NA,NA,NA,NA,NA,NA,NA,NA,NA,NA,NA,NA,0.9587156,NA,1.013254768,NA,NA,NA,1.157837904,1.017715775,NA,0.407605081,NA
"30",2020-05-23,56021,69.7020461384,182,3.69468715679581,12.1312709224,NA,NA,NA,NA,10.140062333,34.865199446,NA,NA,NA,NA,NA,NA,NA,NA,NA,NA,NA,NA,NA,NA,NA,NA,NA,NA,NA,NA,NA,NA,NA,NA,NA,NA,NA,NA,0.93674934,1.372960426,NA,NA,NA,NA,NA,NA,NA,NA,NA,NA,NA,NA,NA,NA,NA,NA,NA,NA,NA,NA,NA,1.7371795,NA,1.078909632,0.988558344,3.504488308,NA,1.367531272,1.083467075,NA,0.49566954,NA
"31",2020-05-25,56021,59.883936063,183,3.59930626707019,10.273764996,NA,NA,NA,NA,9.830580372,29.030928784,NA,NA,NA,NA,NA,NA,NA,NA,NA,NA,NA,NA,NA,NA,NA,NA,NA,NA,NA,NA,NA,NA,NA,NA,NA,NA,NA,NA,NA,1.104543642,NA,NA,NA,NA,NA,NA,NA,NA,NA,NA,NA,NA,NA,NA,NA,NA,NA,NA,NA,NA,NA,2.1760634,0.5371179,0.962901888,0.860986512,3.35636064,NA,1.053352379,0.69733555,NA,NA,NA
"32",2020-05-26,56021,61.0716332212,183,3.72534682902333,10.6486005152,NA,NA,NA,NA,11.413596883,30.964103968,NA,NA,NA,NA,NA,NA,NA,NA,NA,NA,NA,NA,NA,NA,NA,NA,NA,NA,NA,NA,NA,NA,NA,NA,NA,NA,NA,NA,NA,1.072895688,NA,NA,NA,NA,NA,NA,NA,NA,NA,NA,NA,NA,NA,NA,NA,NA,NA,NA,NA,NA,NA,2.77232156,NA,0.933687024,0.945686904,NA,NA,0.96187032,0.894415375,NA,0.464454984,NA
"33",2020-05-27,56021,62.256098256,185,3.72297960578102,10.65884268,NA,NA,NA,NA,10.58734996,33.266565716,NA,NA,NA,NA,NA,NA,NA,NA,NA,NA,NA,NA,NA,NA,NA,NA,NA,NA,NA,NA,NA,NA,0,NA,NA,NA,NA,NA,NA,1.540041,NA,NA,NA,NA,NA,NA,NA,NA,NA,NA,NA,NA,NA,NA,NA,NA,NA,NA,NA,NA,NA,2.181959653,NA,0.865203744,0.659206512,NA,NA,1.069806528,0.989099675,NA,0.438022788,NA
"34",2020-05-28,56021,60.7125688448,188,3.72260385368524,9.8685917928,NA,NA,NA,NA,9.83997504,32.313638125,NA,NA,NA,NA,NA,NA,NA,NA,NA,NA,NA,NA,NA,NA,NA,NA,NA,NA,NA,NA,NA,NA,NA,NA,NA,NA,NA,NA,NA,1.772727264,NA,NA,NA,NA,NA,NA,NA,NA,NA,NA,NA,NA,NA,NA,NA,NA,NA,NA,NA,NA,NA,2.32027764,NA,1.02298856,0.788971344,NA,NA,1.117886175,1.12426964,NA,0.543243264,NA
"35",2020-05-29,56021,81.8063437123,188,3.76596586812552,12.1439335936,14.7557466287,NA,NA,NA,10.859464602,36.199961436,NA,NA,NA,NA,NA,NA,NA,NA,NA,NA,NA,NA,NA,NA,NA,NA,NA,NA,NA,NA,NA,NA,NA,NA,NA,NA,NA,NA,NA,1.448275928,NA,NA,NA,NA,NA,NA,NA,NA,NA,NA,NA,NA,NA,NA,NA,NA,NA,NA,NA,NA,NA,2.67686425,NA,1.308176048,NA,NA,NA,0.896461344,1.048140938,NA,0.469318944,NA
"36",2020-05-30,56021,72.3441440428,188,3.69886376698801,14.2731145088,NA,NA,NA,NA,12.585300705,34.752393252,NA,NA,NA,NA,NA,NA,NA,NA,NA,NA,NA,NA,NA,NA,NA,NA,NA,NA,NA,NA,NA,NA,0,NA,NA,NA,NA,NA,1.005088995,2.600796816,NA,NA,NA,NA,NA,NA,NA,NA,NA,NA,NA,NA,NA,NA,NA,NA,NA,NA,NA,NA,NA,2.78141375,NA,1.029431936,NA,NA,NA,1.398773008,1.3479102,NA,0.569920872,NA
"37",2020-06-01,56021,81.1541030387,188,3.7260617253533,11.460569472,15.5163266167,NA,NA,NA,10.89376728,33.59943224,NA,NA,NA,NA,NA,NA,NA,NA,NA,NA,NA,NA,NA,NA,NA,NA,NA,NA,NA,NA,NA,NA,NA,NA,NA,NA,NA,NA,NA,1.818577029,NA,NA,NA,NA,NA,NA,NA,NA,NA,NA,NA,NA,NA,NA,NA,NA,NA,NA,NA,NA,NA,3.12002125,NA,0.944219888,0.907127376,NA,NA,1.291135631,1.1969112,NA,0.406015056,NA
"38",2020-06-02,56021,78.89371447,188,3.75270157522803,11.549967093,16.037445204,NA,NA,NA,10.13079606,31.981457298,NA,NA,NA,NA,NA,NA,NA,NA,NA,NA,NA,NA,NA,NA,NA,NA,NA,NA,NA,NA,NA,NA,NA,NA,NA,NA,NA,NA,NA,1.815737504,NA,NA,NA,NA,NA,NA,NA,NA,NA,NA,NA,NA,NA,NA,NA,NA,NA,NA,NA,NA,NA,3.004564,NA,0.971168464,0.586609968,NA,NA,1.190410947,1.17599019,NA,0.449567742,NA
"39",2020-06-03,56021,81.2341452213,188,3.76071807841311,11.516509224,16.2424382193,NA,NA,NA,11.863136146,31.977896652,NA,NA,NA,NA,NA,NA,NA,NA,NA,NA,NA,NA,NA,NA,NA,NA,NA,NA,NA,NA,NA,NA,NA,NA,NA,NA,NA,NA,0.928341594,1.8964836,NA,NA,NA,NA,NA,NA,NA,NA,NA,NA,NA,NA,NA,NA,NA,NA,NA,NA,NA,NA,NA,2.6322295,NA,0.9086988,0.684317712,NA,NA,1.130434779,1.041813249,NA,0.411845746,NA
"40",2020-06-04,56021,85.1092596168,188,3.77225314641899,14.2200517888,16.527187953,NA,NA,NA,12.086168184,32.8238136,NA,NA,NA,NA,NA,NA,NA,NA,NA,NA,NA,NA,NA,NA,NA,NA,NA,NA,NA,NA,NA,NA,NA,NA,NA,NA,NA,NA,NA,2.620414624,NA,NA,NA,NA,NA,NA,NA,NA,NA,NA,NA,NA,NA,NA,NA,NA,NA,NA,NA,NA,NA,2.77641875,NA,1.127554656,NA,NA,NA,0.907076104,1.154259456,NA,0.381842461,0.48447204
"41",2020-06-05,56021,84.015243218,188,3.78785917248992,12.3461936,16.814576922,NA,NA,NA,12.020547825,31.316077356,NA,NA,NA,NA,NA,NA,NA,NA,NA,NA,NA,NA,NA,NA,NA,NA,NA,NA,NA,NA,NA,NA,NA,NA,NA,NA,NA,NA,NA,3.2519142,NA,NA,NA,NA,NA,NA,NA,NA,NA,NA,NA,NA,NA,NA,NA,NA,NA,NA,NA,NA,NA,2.93214792,NA,1.110204096,0.731707344,NA,NA,1.370235006,1.375565664,NA,0.746073285,NA
"42",2020-06-06,56021,90.240488894,188,3.6655074410008,20.2948355176,NA,NA,NA,NA,13.703268264,41.837522155,NA,NA,NA,NA,NA,NA,NA,NA,NA,NA,NA,NA,NA,NA,NA,NA,NA,NA,NA,NA,NA,NA,0.1179487104,NA,NA,NA,NA,NA,1.223235865,4.36987894,NA,NA,NA,NA,NA,NA,NA,NA,NA,NA,NA,NA,NA,NA,NA,NA,NA,NA,NA,NA,NA,2.72921506,NA,0.95726496,0.827586192,NA,NA,1.759748782,1.593361024,NA,0.826623424,NA
"43",2020-06-07,56021,75.346744697292,188,3.63447175050028,13.4553423299,NA,NA,NA,NA,12.730037166,37.492238736,NA,NA,NA,NA,NA,NA,NA,NA,NA,NA,0.038436558392,NA,NA,NA,NA,NA,NA,NA,NA,NA,NA,NA,NA,NA,NA,NA,NA,NA,1.179691963,3.159903604,NA,NA,NA,NA,NA,NA,NA,NA,NA,NA,NA,NA,NA,NA,NA,NA,NA,NA,NA,NA,NA,2.93278076,NA,0.878873232,0.968375184,NA,NA,1.456254892,1.054810272,NA,NA,NA
"44",2020-06-08,56021,68.6152694437,188,3.72398490432571,11.9065832337,NA,NA,NA,NA,13.559322,32.766907191,NA,NA,NA,NA,NA,NA,NA,NA,NA,NA,NA,NA,NA,NA,NA,NA,NA,NA,NA,NA,NA,NA,NA,NA,NA,NA,NA,NA,0.872389748,2.733654115,NA,NA,NA,NA,NA,NA,NA,NA,NA,NA,NA,NA,NA,NA,NA,NA,NA,NA,NA,NA,NA,2.91563792,NA,0.913560688,NA,NA,NA,1.390516824,0.916666674,NA,0.64003105,NA
"45",2020-06-09,56021,90.7748968717,188,3.71315779157752,13.5486481867,19.317419839,NA,NA,NA,12.59118332,34.370630499,NA,NA,NA,NA,NA,NA,NA,NA,NA,NA,NA,NA,NA,NA,NA,NA,NA,NA,NA,NA,NA,NA,0,NA,NA,NA,NA,NA,1.076233248,2.169301132,NA,NA,NA,NA,NA,NA,NA,NA,NA,NA,NA,NA,NA,NA,NA,NA,NA,NA,NA,NA,NA,2.155778976,NA,0.886115424,0.608236536,NA,NA,1.189174377,1.282221294,NA,1.57995404,NA
"46",2020-06-10,56021,88.1034316003,188,3.76923658671868,13.97447135,16.7834504013,NA,NA,NA,12.966898688,32.824835766,NA,NA,NA,NA,NA,NA,NA,NA,NA,NA,NA,NA,NA,NA,NA,NA,NA,NA,NA,NA,NA,NA,NA,NA,NA,NA,NA,NA,1.138529357,1.944023562,NA,NA,NA,NA,NA,NA,NA,NA,NA,NA,NA,NA,NA,NA,NA,NA,NA,NA,NA,NA,NA,2.506178974,NA,0.968332176,0.7265136,NA,NA,1.196369625,1.459449075,NA,1.614379026,NA
"47",2020-06-11,56021,81.938971264,188,3.77422335318105,17.052665344,NA,NA,NA,NA,14.513529088,35.92916586,NA,NA,NA,NA,NA,NA,NA,NA,NA,NA,NA,NA,NA,NA,NA,NA,NA,NA,NA,NA,NA,NA,NA,NA,NA,NA,NA,NA,1.0365678,3.34029232,NA,NA,NA,NA,NA,NA,NA,NA,NA,NA,NA,NA,NA,NA,NA,NA,NA,NA,NA,NA,NA,2.74141218,NA,1.3052632,0.897196224,NA,NA,1.468954284,1.766355192,NA,1.887569772,NA
"48",2020-06-12,56021,117.8147321495,191,3.82021793479493,19.9064183805,21.370649442,NA,NA,NA,14.61561159,43.31784606,NA,0,NA,NA,NA,NA,NA,NA,NA,NA,NA,NA,NA,NA,NA,NA,NA,NA,NA,NA,NA,NA,NA,NA,NA,NA,NA,NA,NA,3.455696328,NA,NA,NA,NA,NA,NA,NA,NA,NA,NA,NA,NA,NA,NA,NA,NA,NA,NA,NA,NA,NA,2.5815825,NA,1.26301184,0.97727268,4.487139423,NA,1.86506946,1.660406276,NA,2.31402817,NA
"49",2020-05-14,56025,20.0272903931,49,3.76789892892729,2.564991108,NA,NA,NA,NA,0.903695844,NA,NA,NA,NA,NA,NA,NA,NA,NA,NA,NA,NA,NA,NA,NA,NA,NA,NA,NA,NA,NA,NA,NA,0.1982758608,NA,NA,NA,NA,NA,NA,NA,NA,NA,NA,NA,NA,NA,NA,NA,NA,NA,NA,NA,NA,NA,NA,NA,NA,NA,NA,NA,NA,NA,0.66270568,0.308,6.69495178,7.12592608,1.3465218163,NA,NA,NA,NA,0.222222224
"50",2020-05-07,56013,3.2694444835,168,3.47218348347685,NA,0.8486568,NA,NA,NA,NA,NA,NA,NA,NA,NA,NA,NA,NA,NA,NA,NA,NA,NA,NA,NA,NA,NA,NA,NA,NA,NA,NA,NA,NA,NA,NA,NA,NA,NA,NA,NA,NA,NA,NA,NA,NA,NA,NA,NA,NA,NA,NA,NA,NA,NA,NA,NA,NA,NA,NA,NA,NA,0.0295358632,NA,0.07423581,NA,NA,0.1896924073,0.480141216,0.113239677,1.429708182,NA,0.104234528
"51",2020-05-19,56013,5.15781952115,228,3.59777907593914,NA,1.16963760995,NA,NA,NA,NA,NA,NA,NA,NA,NA,NA,NA,NA,NA,NA,NA,NA,NA,NA,NA,NA,NA,NA,NA,NA,NA,NA,NA,NA,NA,NA,NA,NA,NA,NA,NA,NA,NA,NA,NA,NA,NA,NA,NA,NA,NA,NA,NA,NA,NA,NA,NA,NA,NA,NA,NA,NA,NA,NA,0.16795866,NA,NA,NA,0.680851072,0.1432835712,2.4266936,NA,0.569395008
"52",2020-06-12,56025,35.3356447718,87,3.88584187912981,NA,NA,1.5394191638,NA,NA,NA,NA,NA,0,NA,NA,NA,NA,NA,NA,NA,NA,NA,NA,NA,NA,NA,NA,NA,NA,NA,NA,NA,NA,0.377049212,NA,NA,NA,NA,NA,NA,NA,NA,NA,NA,NA,NA,NA,NA,NA,NA,NA,NA,NA,NA,NA,NA,NA,NA,NA,NA,NA,NA,NA,1.12023896,1.06870226,6.84090912,18.420888939,3.575799051,NA,NA,NA,NA,2.392638066
"53",2020-04-26,56021,20.9283393282,125,3.20729837841403,NA,NA,NA,NA,NA,3.208707768,14.5894369,NA,NA,NA,NA,NA,NA,NA,NA,NA,NA,NA,NA,NA,NA,NA,NA,NA,NA,NA,NA,NA,NA,NA,NA,NA,NA,NA,NA,0.324211212,0.234476775,NA,NA,NA,NA,NA,NA,NA,NA,NA,NA,NA,NA,NA,NA,NA,NA,NA,NA,NA,NA,NA,0.444320706,NA,0.328467162,0.319248832,NA,NA,0.525625744,0.651928896,NA,0.246932518,0.0549828152
"54",2020-05-10,56021,38.1001753944,164,3.53092626179828,NA,NA,NA,NA,NA,7.77419747,26.215202114,NA,NA,NA,NA,NA,NA,NA,NA,NA,NA,NA,NA,NA,NA,NA,NA,NA,NA,NA,NA,NA,NA,NA,NA,NA,NA,NA,NA,0.878544952,0.571609618,NA,NA,NA,NA,NA,NA,NA,NA,NA,NA,NA,NA,NA,NA,NA,NA,NA,NA,NA,NA,NA,0.79916316,NA,0.26762957,0.540873474,NA,NA,0.4497803904,0.603174646,NA,NA,NA
"55",2020-05-27,56025,20.4684076566,72,3.78226125480326,NA,NA,NA,NA,NA,NA,NA,NA,NA,NA,NA,NA,NA,NA,NA,NA,NA,NA,NA,NA,NA,NA,NA,NA,NA,NA,NA,NA,NA,0.0946502026,NA,NA,NA,NA,NA,NA,NA,NA,NA,NA,NA,NA,NA,NA,NA,NA,NA,NA,NA,NA,NA,NA,NA,NA,NA,NA,NA,NA,NA,0.6989493,0.677115984,6.4944048,10.3030302,2.20025717,NA,NA,NA,NA,NA
"56",2020-06-02,56039,13.32758913,100,3.76329509123397,NA,NA,NA,NA,NA,NA,NA,NA,NA,NA,NA,0.636963225,NA,NA,NA,NA,NA,NA,NA,NA,NA,NA,2.786863464,NA,NA,NA,NA,NA,NA,NA,NA,NA,NA,NA,NA,NA,NA,NA,NA,NA,NA,NA,NA,NA,NA,NA,NA,NA,NA,NA,NA,NA,NA,NA,NA,NA,NA,NA,NA,NA,NA,NA,9.903762441,NA,NA,NA,NA,NA,NA
"57",2020-06-08,56039,17.347840363,100,3.58220363551954,NA,NA,NA,NA,NA,NA,NA,NA,NA,NA,NA,0.896484096,NA,NA,NA,NA,NA,NA,NA,NA,NA,NA,3.064043845,NA,NA,NA,NA,NA,NA,NA,NA,NA,NA,NA,NA,NA,NA,NA,NA,NA,NA,NA,NA,NA,NA,NA,NA,NA,NA,NA,NA,NA,NA,NA,NA,NA,NA,NA,NA,NA,NA,NA,13.387312422,NA,NA,NA,NA,NA,NA
"58",2020-05-11,56041,15.9268605788,9,3.47027569866477,NA,NA,NA,NA,NA,NA,NA,NA,NA,NA,NA,NA,NA,NA,NA,NA,NA,NA,NA,NA,NA,NA,NA,NA,NA,NA,NA,NA,NA,0,NA,NA,NA,NA,NA,NA,NA,NA,NA,NA,NA,NA,NA,NA,NA,NA,NA,NA,NA,NA,0.7635969936,NA,5.69082196,6.48340847,NA,NA,NA,NA,0.253748568,NA,0.2739726,NA,NA,1.2699762272,NA,1.19133576,NA,NA,NA
"59",2020-05-24,56021,49.846591668,182,3.39993995985811,NA,NA,NA,NA,NA,9.334359504,32.489624228,NA,NA,NA,NA,NA,NA,NA,NA,NA,NA,NA,NA,NA,NA,NA,NA,NA,NA,NA,NA,NA,NA,NA,NA,NA,NA,NA,NA,1.197479025,1.17591834,NA,NA,NA,NA,NA,NA,NA,NA,NA,NA,NA,NA,NA,NA,NA,NA,NA,NA,NA,NA,NA,1.87224672,0.2245089,0.884303632,0.78504672,NA,NA,0.951175924,0.931928675,NA,NA,NA
"60",2020-05-14,56013,3.05097139322,208,3.47249297171079,NA,NA,NA,NA,NA,0.23781482712,NA,NA,NA,NA,NA,NA,NA,NA,NA,NA,NA,NA,NA,NA,NA,NA,NA,NA,NA,NA,NA,NA,NA,NA,NA,0.093127239,NA,NA,NA,NA,NA,NA,NA,NA,NA,NA,NA,NA,NA,NA,NA,NA,NA,NA,NA,NA,NA,NA,NA,NA,NA,NA,NA,NA,0.0952,NA,NA,NA,0.527329376,0.1028991411,1.772378586,NA,0.222222224
"61",2020-05-21,56013,3.77487746722,237,3.53487301705153,NA,NA,NA,NA,NA,0.28586415392,NA,NA,NA,NA,NA,NA,NA,NA,NA,NA,NA,NA,NA,NA,NA,NA,NA,NA,NA,NA,NA,NA,NA,NA,NA,NA,NA,NA,NA,NA,NA,NA,NA,NA,NA,NA,NA,NA,NA,NA,NA,NA,NA,NA,NA,NA,NA,NA,NA,NA,NA,NA,NA,0.120374496,0.1400437648,NA,NA,0.287020916,0.884731784,0.1284077525,1.5984016,NA,0.330033
"62",2020-06-04,56013,5.96809185782,287,3.59161920020232,NA,NA,NA,NA,NA,0.34947936582,NA,NA,NA,NA,NA,NA,NA,NA,NA,NA,NA,NA,NA,NA,NA,NA,NA,NA,NA,NA,NA,NA,NA,NA,NA,NA,NA,NA,NA,NA,NA,NA,NA,NA,NA,NA,NA,NA,NA,NA,NA,NA,NA,NA,NA,NA,NA,NA,NA,NA,NA,NA,0.171232875,NA,0.236786464,NA,NA,NA,1.075834482,NA,2.8024606,NA,1.332298071
"63",2020-06-06,56013,9.50747705044,295,3.49346313199164,NA,NA,NA,NA,NA,0.46158351624,2.275151021,NA,NA,NA,NA,NA,NA,NA,NA,NA,NA,NA,NA,NA,NA,NA,NA,NA,NA,NA,NA,NA,NA,NA,NA,NA,NA,NA,NA,NA,NA,NA,NA,NA,NA,NA,NA,NA,NA,NA,NA,NA,NA,NA,NA,NA,NA,NA,NA,NA,NA,NA,NA,NA,0.18934912,NA,NA,NA,1.352001978,0.2776310752,2.47557,NA,2.47619034
"64",2020-06-11,56013,6.8930089162,302,3.69794567404998,NA,NA,NA,NA,NA,0.522732864,NA,NA,NA,NA,NA,NA,NA,NA,NA,NA,NA,NA,NA,NA,NA,NA,NA,NA,NA,NA,NA,NA,NA,NA,NA,NA,NA,NA,NA,NA,NA,NA,NA,NA,NA,NA,NA,NA,NA,NA,NA,NA,NA,NA,NA,NA,NA,NA,NA,NA,NA,NA,NA,NA,0.19649122,NA,NA,NA,1.63480395,0.2383177752,2.313401922,NA,1.987261185
"65",2020-05-31,56021,55.116278905,188,3.60756268436223,NA,NA,NA,NA,NA,10.849612196,32.44653271,NA,NA,NA,NA,NA,NA,NA,NA,NA,NA,NA,NA,NA,NA,NA,NA,NA,NA,NA,NA,NA,NA,NA,NA,NA,NA,NA,NA,1.122280952,2.083333374,NA,NA,NA,NA,NA,NA,NA,NA,NA,NA,NA,NA,NA,NA,NA,NA,NA,NA,NA,NA,NA,3.0022075,NA,1.056603792,0.69284064,NA,NA,1.227597679,1.18846155,NA,0.446808504,1.000000008
"66",2020-05-23,56025,24.9760800809,68,3.75274105064075,NA,NA,NA,NA,NA,1.1410813409,NA,NA,NA,NA,NA,NA,NA,NA,NA,NA,NA,NA,NA,NA,NA,NA,NA,NA,NA,NA,NA,NA,NA,0,NA,NA,NA,NA,NA,NA,NA,NA,NA,NA,NA,NA,NA,NA,NA,NA,NA,NA,NA,NA,NA,NA,NA,NA,NA,NA,NA,NA,NA,0.81920904,0.539454816,7.1395884,13.141831216,2.194915268,NA,NA,NA,NA,NA
"67",2020-05-06,56025,15.5943587206,48,3.72918529717481,NA,NA,NA,NA,NA,NA,3.216797267,NA,NA,NA,NA,NA,NA,NA,NA,NA,NA,NA,NA,NA,NA,NA,NA,NA,NA,NA,NA,NA,NA,0.0970464093,NA,NA,NA,NA,NA,NA,NA,NA,NA,NA,NA,NA,NA,NA,NA,NA,NA,NA,NA,NA,NA,NA,NA,NA,NA,NA,NA,NA,NA,0.535631125,0.203908235,6.11087897,3.855044024,1.4934200343,NA,NA,NA,NA,0.081632656
"68",2020-05-22,56025,28.768013124,68,3.84443823284315,NA,NA,NA,NA,NA,NA,5.193140116,NA,NA,NA,NA,NA,NA,NA,NA,NA,NA,NA,NA,NA,NA,NA,NA,NA,NA,NA,NA,NA,NA,NA,NA,NA,NA,NA,NA,NA,NA,NA,NA,NA,NA,NA,NA,NA,NA,NA,NA,NA,NA,NA,NA,NA,NA,NA,NA,NA,NA,NA,NA,0.78372588,0.883652448,6.39183648,12.579709912,2.935948288,NA,NA,NA,NA,NA
"69",2020-05-02,56039,1.4373180868,97,3.46368923506997,NA,NA,NA,NA,NA,NA,NA,NA,0,NA,NA,0.1542125788,NA,NA,NA,0.040387044,NA,NA,NA,NA,NA,NA,NA,NA,NA,NA,NA,NA,NA,NA,NA,NA,NA,NA,NA,NA,NA,NA,NA,NA,NA,NA,NA,NA,NA,NA,NA,NA,NA,NA,NA,NA,NA,NA,NA,NA,NA,NA,NA,NA,NA,NA,1.242718464,NA,NA,NA,NA,NA,NA
"70",2020-04-24,56041,15.189259711,7,3.42294693421685,NA,NA,NA,NA,NA,NA,NA,NA,NA,0.87009714,NA,NA,NA,NA,0.794267534,NA,NA,NA,NA,NA,NA,NA,NA,NA,NA,NA,NA,NA,NA,NA,NA,NA,NA,NA,NA,NA,NA,NA,NA,NA,0.018018018,NA,NA,NA,NA,NA,NA,NA,NA,NA,0.482517958,NA,3.080904064,7.820445321,NA,NA,NA,NA,0.155256072,NA,0.182481752,NA,NA,1.008572844,NA,0.776699008,NA,NA,NA
"71",2020-05-08,56041,23.8517172692,9,3.56758961587226,NA,NA,NA,NA,NA,NA,NA,NA,NA,1.228459284,NA,NA,NA,NA,NA,NA,NA,NA,NA,NA,NA,NA,NA,NA,NA,NA,NA,NA,NA,NA,NA,NA,NA,NA,NA,NA,NA,NA,NA,NA,NA,NA,NA,NA,NA,NA,NA,NA,NA,NA,0.994169242,NA,8.208097585,8.500194432,NA,2.12358715,NA,NA,0.206969384,NA,0.209580845,NA,NA,1.3831593852,NA,0.997499962,NA,NA,NA
"72",2020-05-07,56039,1.4455125992,98,3.5273606347104,NA,NA,NA,NA,NA,NA,NA,NA,NA,NA,0.0239712352,0.2647362984,NA,NA,NA,0.17530552,NA,NA,NA,NA,NA,NA,NA,NA,NA,NA,NA,NA,NA,NA,NA,NA,NA,NA,NA,NA,NA,NA,NA,NA,NA,NA,NA,NA,NA,NA,NA,NA,NA,NA,NA,NA,NA,NA,NA,NA,NA,NA,NA,NA,NA,NA,0.9814995456,NA,NA,NA,NA,NA,NA
"73",2020-04-28,56013,2.49270544274,109,3.43278119126035,NA,NA,NA,NA,NA,NA,NA,NA,NA,NA,NA,0.02415025854,NA,NA,NA,NA,NA,NA,NA,NA,NA,NA,NA,NA,NA,NA,NA,NA,NA,NA,NA,NA,NA,NA,NA,NA,NA,NA,NA,NA,NA,NA,NA,NA,NA,NA,NA,NA,NA,NA,NA,NA,NA,NA,NA,NA,NA,NA,NA,NA,NA,0.1573875891,NA,0.159795536,0.4229166431,0.123977616,1.181942592,NA,0.422535208
"74",2020-04-22,56039,0.5532449551,93,3.05529915396439,NA,NA,NA,NA,NA,NA,NA,NA,NA,NA,NA,0.1183359096,NA,NA,NA,0.0508859608,NA,NA,NA,NA,NA,NA,NA,NA,NA,NA,NA,NA,NA,NA,NA,NA,NA,NA,NA,NA,NA,NA,NA,NA,NA,NA,NA,NA,NA,NA,NA,NA,NA,NA,NA,NA,NA,NA,NA,NA,NA,NA,NA,NA,NA,NA,0.3840230847,NA,NA,NA,NA,NA,NA
"75",2020-04-23,56039,0.2384410024,93,2.61606200357283,NA,NA,NA,NA,NA,NA,NA,NA,NA,NA,NA,0.16669212,NA,NA,NA,0.0717488824,NA,NA,NA,NA,NA,NA,NA,NA,NA,NA,NA,NA,NA,NA,NA,NA,NA,NA,NA,NA,NA,NA,NA,NA,NA,NA,NA,NA,NA,NA,NA,NA,NA,NA,NA,NA,NA,NA,NA,NA,NA,NA,NA,NA,NA,NA,NA,NA,NA,NA,NA,NA,NA
"76",2020-04-24,56039,0.8318059228,95,3.32681940147356,NA,NA,NA,NA,NA,NA,NA,NA,NA,NA,NA,0.1714968668,NA,NA,NA,0.044924408,NA,NA,NA,NA,NA,NA,NA,NA,NA,NA,NA,NA,NA,NA,NA,NA,NA,NA,NA,NA,NA,NA,NA,NA,NA,NA,NA,NA,NA,NA,NA,NA,NA,NA,NA,NA,NA,NA,NA,NA,NA,NA,NA,NA,NA,NA,0.615384648,NA,NA,NA,NA,NA,NA
"77",2020-04-25,56039,0.9095287368,95,3.5599388071731,NA,NA,NA,NA,NA,NA,NA,NA,NA,NA,NA,0.1568983948,NA,NA,NA,0.0412017184,NA,NA,NA,NA,NA,NA,NA,NA,NA,NA,NA,NA,NA,NA,NA,NA,NA,NA,NA,NA,NA,NA,NA,NA,NA,NA,NA,NA,NA,NA,NA,NA,NA,NA,NA,NA,NA,NA,NA,NA,NA,NA,NA,NA,NA,NA,0.7114286236,NA,NA,NA,NA,NA,NA
"78",2020-04-26,56039,1.3316844696,95,1.7639088383366,NA,NA,NA,NA,NA,NA,NA,NA,NA,NA,NA,0.1481236708,NA,NA,NA,0.0271580968,NA,NA,NA,NA,NA,NA,NA,NA,NA,NA,NA,NA,NA,NA,NA,NA,NA,NA,NA,NA,NA,NA,NA,NA,NA,NA,NA,NA,NA,NA,NA,NA,NA,NA,NA,NA,NA,NA,NA,NA,NA,NA,NA,NA,NA,NA,1.156402702,NA,NA,NA,NA,NA,NA
"79",2020-04-27,56039,0.2880714824,95,2.80861538860678,NA,NA,NA,NA,NA,NA,NA,NA,NA,NA,NA,0.2069069464,NA,NA,NA,0.081164536,NA,NA,NA,NA,NA,NA,NA,NA,NA,NA,NA,NA,NA,NA,NA,NA,NA,NA,NA,NA,NA,NA,NA,NA,NA,NA,NA,NA,NA,NA,NA,NA,NA,NA,NA,NA,NA,NA,NA,NA,NA,NA,NA,NA,NA,NA,NA,NA,NA,NA,NA,NA,NA
"80",2020-04-28,56039,0.7746517973,96,3.47247205684485,NA,NA,NA,NA,NA,NA,NA,NA,NA,NA,NA,0.1932021423,NA,NA,NA,0.0594190179,NA,NA,NA,NA,NA,NA,NA,NA,NA,NA,NA,NA,NA,NA,NA,NA,NA,NA,NA,NA,NA,NA,NA,NA,NA,NA,NA,NA,NA,NA,NA,NA,NA,NA,NA,NA,NA,NA,NA,NA,NA,NA,NA,NA,NA,NA,0.5220306371,NA,NA,NA,NA,NA,NA
"81",2020-04-30,56039,1.5071840612,96,3.20185494693691,NA,NA,NA,NA,NA,NA,NA,NA,NA,NA,NA,0.1776073012,NA,NA,NA,0.094339624,NA,NA,NA,NA,NA,NA,NA,NA,NA,NA,NA,NA,NA,NA,NA,NA,NA,NA,NA,NA,NA,NA,NA,NA,NA,NA,NA,NA,NA,NA,NA,NA,NA,NA,NA,NA,NA,NA,NA,NA,NA,NA,NA,NA,NA,NA,1.235237136,NA,NA,NA,NA,NA,NA
"82",2020-05-01,56039,1.5974560627,96,3.58070577918542,NA,NA,NA,NA,NA,NA,NA,NA,NA,NA,NA,0.1681681736,NA,NA,NA,0.0591642491,NA,NA,NA,NA,NA,NA,NA,NA,NA,NA,NA,NA,NA,NA,NA,NA,NA,NA,NA,NA,NA,NA,NA,NA,NA,NA,NA,NA,NA,NA,NA,NA,NA,NA,NA,NA,NA,NA,NA,NA,NA,NA,NA,NA,NA,NA,1.37012364,NA,NA,NA,NA,NA,NA
"83",2020-05-03,56039,1.5926096262,98,3.09755466703352,NA,NA,NA,NA,NA,NA,NA,NA,NA,NA,NA,0.1059210572,NA,NA,NA,0.047128128,NA,NA,NA,NA,NA,NA,NA,NA,NA,NA,NA,NA,NA,NA,NA,NA,NA,NA,NA,NA,NA,NA,NA,NA,NA,NA,NA,NA,NA,NA,NA,NA,NA,NA,NA,NA,NA,NA,NA,NA,NA,NA,NA,NA,NA,NA,1.439560441,NA,NA,NA,NA,NA,NA
"84",2020-05-04,56039,0.301366014,98,3.52311093983453,NA,NA,NA,NA,NA,NA,NA,NA,NA,NA,NA,0.20508222,NA,NA,NA,0.096283794,NA,NA,NA,NA,NA,NA,NA,NA,NA,NA,NA,NA,NA,NA,NA,NA,NA,NA,NA,NA,NA,NA,NA,NA,NA,NA,NA,NA,NA,NA,NA,NA,NA,NA,NA,NA,NA,NA,NA,NA,NA,NA,NA,NA,NA,NA,NA,NA,NA,NA,NA,NA,NA
"85",2020-05-05,56039,1.3216447608,98,3.40855383473215,NA,NA,NA,NA,NA,NA,NA,NA,NA,NA,NA,0.1926125348,NA,NA,NA,NA,NA,NA,NA,NA,NA,NA,NA,NA,NA,NA,NA,NA,NA,NA,NA,NA,NA,NA,NA,NA,NA,NA,NA,NA,NA,NA,NA,NA,NA,NA,NA,NA,NA,NA,NA,NA,NA,NA,NA,NA,NA,NA,NA,NA,NA,NA,1.129032226,NA,NA,NA,NA,NA,NA
"86",2020-05-06,56039,1.6252089844,98,3.43451229526217,NA,NA,NA,NA,NA,NA,NA,NA,NA,NA,NA,0.1795675,NA,NA,NA,NA,NA,NA,NA,NA,NA,NA,NA,NA,NA,NA,NA,NA,NA,NA,NA,NA,NA,NA,NA,NA,NA,NA,NA,NA,NA,NA,NA,NA,NA,NA,NA,NA,NA,NA,NA,NA,NA,NA,NA,NA,NA,NA,NA,NA,NA,NA,1.4456414844,NA,NA,NA,NA,NA,NA
"87",2020-05-08,56039,1.6333567116,98,3.64608734348555,NA,NA,NA,NA,NA,NA,NA,NA,NA,NA,NA,0.17928288,NA,NA,NA,0.1245391216,NA,NA,NA,NA,NA,NA,NA,NA,NA,NA,NA,NA,NA,NA,NA,NA,NA,NA,NA,NA,NA,NA,NA,NA,NA,NA,NA,NA,NA,NA,NA,NA,NA,NA,NA,NA,NA,NA,NA,NA,NA,NA,NA,NA,NA,NA,1.32953471,NA,NA,NA,NA,NA,NA
"88",2020-05-09,56039,2.1693167204,98,3.59547686856376,NA,NA,NA,NA,NA,NA,NA,NA,NA,NA,NA,0.20668425,NA,NA,NA,0.0805031504,NA,NA,NA,NA,NA,NA,NA,NA,NA,NA,NA,NA,NA,NA,NA,NA,NA,NA,NA,NA,NA,NA,NA,NA,NA,NA,NA,NA,NA,NA,NA,NA,NA,NA,NA,NA,NA,NA,NA,NA,NA,NA,NA,NA,NA,NA,1.88212932,NA,NA,NA,NA,NA,NA
"89",2020-05-10,56039,3.647478,98,3.44040846679994,NA,NA,NA,NA,NA,NA,NA,NA,NA,NA,NA,0.199412574,NA,NA,NA,0.083482138,NA,NA,NA,NA,NA,NA,NA,NA,NA,NA,NA,NA,NA,NA,NA,NA,NA,NA,NA,NA,NA,NA,NA,NA,NA,NA,NA,NA,NA,NA,NA,NA,NA,NA,NA,NA,NA,NA,NA,NA,NA,NA,NA,NA,NA,NA,3.364583288,NA,NA,NA,NA,NA,NA
"90",2020-05-11,56039,4.3362314424,98,3.58931181776841,NA,NA,NA,NA,NA,NA,NA,NA,NA,NA,NA,0.31569717,NA,NA,NA,0.1712062224,NA,NA,NA,NA,NA,NA,NA,NA,NA,NA,NA,NA,NA,NA,NA,NA,NA,NA,NA,NA,NA,NA,NA,NA,NA,NA,NA,NA,NA,NA,NA,NA,NA,NA,NA,NA,NA,NA,NA,NA,NA,NA,NA,NA,NA,NA,3.84932805,NA,NA,NA,NA,NA,NA
"91",2020-05-12,56039,2.0749068315,98,3.41662981375437,NA,NA,NA,NA,NA,NA,NA,NA,NA,NA,NA,0.219646137,NA,NA,NA,0.1786197654,NA,NA,NA,NA,NA,NA,NA,NA,NA,NA,NA,NA,NA,NA,NA,NA,NA,NA,NA,NA,NA,NA,NA,NA,NA,NA,NA,NA,NA,NA,NA,NA,NA,NA,NA,NA,NA,NA,NA,NA,NA,NA,NA,NA,NA,NA,1.6766409291,NA,NA,NA,NA,NA,NA
"92",2020-05-13,56039,2.507456507,99,3.56935686181901,NA,NA,NA,NA,NA,NA,NA,NA,NA,NA,NA,0.174443973,NA,NA,NA,NA,NA,NA,NA,NA,NA,NA,NA,NA,NA,NA,NA,NA,NA,NA,NA,NA,NA,NA,NA,NA,NA,NA,NA,NA,NA,NA,NA,NA,NA,NA,NA,NA,NA,NA,NA,NA,NA,NA,NA,NA,NA,NA,NA,NA,NA,NA,2.333012534,NA,NA,NA,NA,NA,NA
"93",2020-05-14,56039,3.045732938,99,3.55660530015999,NA,NA,NA,NA,NA,NA,NA,NA,NA,NA,NA,0.199623894,NA,NA,NA,0.14981274,NA,NA,NA,NA,NA,NA,NA,NA,NA,NA,NA,NA,NA,NA,NA,NA,NA,NA,NA,NA,NA,NA,NA,NA,NA,NA,NA,NA,NA,NA,NA,NA,NA,NA,NA,NA,NA,NA,NA,NA,NA,NA,NA,NA,NA,NA,2.696296304,NA,NA,NA,NA,NA,NA
"94",2020-05-15,56039,3.002825212,99,3.63621504137199,NA,NA,NA,NA,NA,NA,NA,NA,NA,NA,NA,0.235063656,NA,NA,NA,0.107015454,NA,NA,NA,NA,NA,NA,NA,NA,NA,NA,NA,NA,NA,NA,NA,NA,NA,NA,NA,NA,NA,NA,NA,NA,NA,NA,NA,NA,NA,NA,NA,NA,NA,NA,NA,NA,NA,NA,NA,NA,NA,NA,NA,NA,NA,NA,2.660746102,NA,NA,NA,NA,NA,NA
"95",2020-05-16,56039,3.2042901782,100,3.6334281211729,NA,NA,NA,NA,NA,NA,NA,NA,NA,NA,NA,0.2677580004,NA,NA,NA,0.1030454778,NA,NA,NA,NA,NA,NA,NA,NA,NA,NA,NA,NA,NA,NA,NA,NA,NA,NA,NA,NA,NA,NA,NA,NA,NA,NA,NA,NA,NA,NA,NA,NA,NA,NA,NA,NA,NA,NA,NA,NA,NA,NA,NA,NA,NA,NA,2.8334867,NA,NA,NA,NA,NA,NA
"96",2020-05-17,56039,3.794289421,100,3.537388787571,NA,NA,NA,NA,NA,NA,NA,NA,NA,NA,NA,0.280851054,NA,NA,NA,NA,NA,NA,NA,NA,NA,NA,NA,NA,NA,NA,NA,NA,NA,NA,NA,NA,NA,NA,NA,NA,NA,NA,NA,NA,NA,NA,NA,NA,NA,NA,NA,NA,NA,NA,NA,NA,NA,NA,NA,NA,NA,NA,NA,NA,NA,NA,3.513438367,NA,NA,NA,NA,NA,NA
"97",2020-05-18,56039,4.974968032,100,3.608395763915,NA,NA,NA,NA,NA,NA,NA,NA,NA,NA,NA,0.334666464,NA,NA,NA,NA,NA,NA,NA,NA,NA,NA,NA,NA,NA,NA,NA,NA,NA,NA,NA,NA,NA,NA,NA,NA,NA,NA,NA,NA,NA,NA,NA,NA,NA,NA,NA,NA,NA,NA,NA,NA,NA,NA,NA,NA,NA,NA,NA,NA,NA,NA,4.640301568,NA,NA,NA,NA,NA,NA
"98",2020-05-19,56039,5.5949192148,100,3.67259567175069,NA,NA,NA,NA,NA,NA,NA,NA,NA,NA,NA,0.3130659708,NA,NA,NA,NA,NA,NA,NA,NA,NA,NA,NA,NA,NA,NA,NA,NA,NA,NA,NA,NA,NA,NA,NA,NA,NA,NA,NA,NA,NA,NA,NA,NA,NA,NA,NA,NA,NA,NA,NA,NA,NA,NA,NA,NA,NA,NA,NA,NA,NA,NA,5.281853244,NA,NA,NA,NA,NA,NA
"99",2020-05-20,56039,4.960305063,100,3.58418186105212,NA,NA,NA,NA,NA,NA,NA,NA,NA,NA,NA,0.2600168,NA,NA,NA,NA,NA,NA,NA,NA,NA,NA,NA,NA,NA,NA,NA,NA,NA,NA,NA,NA,NA,NA,NA,NA,NA,NA,NA,NA,NA,NA,NA,NA,NA,NA,NA,NA,NA,NA,NA,NA,NA,NA,NA,NA,NA,NA,NA,NA,NA,NA,4.700288263,NA,NA,NA,NA,NA,NA
"100",2020-05-21,56039,5.062045059,100,3.63885160729665,NA,NA,NA,NA,NA,NA,NA,NA,NA,NA,NA,0.320980768,NA,NA,NA,0.241064,NA,NA,NA,NA,NA,NA,NA,NA,NA,NA,NA,NA,NA,NA,NA,NA,NA,NA,NA,NA,NA,NA,NA,NA,NA,NA,NA,NA,NA,NA,NA,NA,NA,NA,NA,NA,NA,NA,NA,NA,NA,NA,NA,NA,NA,NA,4.500000291,NA,NA,NA,NA,NA,NA
"101",2020-05-22,56039,5.8589790244,100,3.6867345982052,NA,NA,NA,NA,NA,NA,NA,NA,NA,NA,NA,0.2798196384,NA,NA,NA,NA,NA,NA,NA,NA,NA,NA,NA,NA,NA,NA,NA,NA,NA,NA,NA,NA,NA,NA,NA,NA,NA,NA,NA,NA,NA,NA,NA,NA,NA,NA,NA,NA,NA,NA,NA,NA,2.332782504,NA,NA,NA,NA,NA,NA,NA,NA,NA,3.246376882,NA,NA,NA,NA,NA,NA
"102",2020-05-23,56039,10.84573746468,100,3.4777252809102,NA,NA,NA,NA,NA,NA,NA,NA,NA,NA,NA,0.329460224,NA,NA,NA,0.178970918,NA,NA,NA,NA,NA,NA,NA,NA,NA,NA,NA,NA,NA,NA,NA,NA,NA,NA,NA,NA,NA,NA,NA,NA,NA,NA,NA,NA,NA,NA,NA,NA,NA,NA,NA,NA,4.22460174348,NA,NA,NA,NA,NA,NA,NA,NA,NA,5.694793592,NA,NA,0.2106741525,NA,NA,0.2072368347
"103",2020-05-24,56039,12.01536111552,100,3.50681017939405,NA,NA,NA,NA,NA,NA,NA,NA,NA,NA,NA,0.442002816,NA,NA,NA,0.34899328,NA,NA,NA,NA,NA,NA,NA,NA,NA,NA,NA,NA,NA,NA,NA,NA,NA,NA,NA,NA,NA,NA,NA,NA,NA,NA,NA,NA,NA,NA,NA,NA,NA,NA,NA,NA,2.89674216352,NA,NA,NA,NA,NA,NA,NA,NA,NA,7.351351656,NA,NA,NA,NA,NA,0.9762712
"104",2020-05-25,56039,7.724039056,100,3.7426514876054,NA,NA,NA,NA,NA,NA,NA,NA,NA,NA,NA,0.352442816,NA,NA,NA,0.23932988,NA,NA,NA,NA,NA,NA,NA,NA,NA,NA,NA,NA,NA,NA,NA,NA,NA,NA,NA,NA,NA,NA,NA,NA,NA,NA,NA,NA,NA,NA,NA,NA,NA,NA,NA,NA,NA,NA,NA,NA,NA,NA,NA,NA,NA,NA,7.13226636,NA,NA,NA,NA,NA,NA
"105",2020-05-26,56039,6.58343776,100,3.66046763505446,NA,NA,NA,NA,NA,NA,NA,NA,NA,NA,NA,0.38132624,NA,NA,NA,0.23921402,NA,NA,NA,NA,NA,NA,NA,NA,NA,NA,NA,NA,NA,NA,NA,NA,NA,NA,NA,NA,NA,NA,NA,NA,NA,NA,NA,NA,NA,NA,NA,NA,NA,NA,NA,NA,NA,NA,NA,NA,NA,NA,NA,NA,NA,NA,5.9628975,NA,NA,NA,NA,NA,NA
"106",2020-05-27,56039,9.5112279894,100,3.73225564553971,NA,NA,NA,NA,NA,NA,NA,NA,NA,NA,NA,0.3023740104,NA,NA,NA,0.310782234,NA,NA,NA,NA,NA,NA,NA,NA,NA,NA,NA,NA,NA,NA,NA,NA,NA,NA,NA,NA,NA,NA,NA,NA,NA,NA,NA,NA,NA,NA,NA,NA,NA,NA,NA,NA,NA,NA,NA,NA,NA,NA,NA,NA,NA,NA,8.898071745,NA,NA,NA,NA,NA,NA
"107",2020-05-28,56039,8.700388565,100,3.69900349047468,NA,NA,NA,NA,NA,NA,NA,NA,NA,NA,NA,0.380224987,NA,NA,NA,0.319358823,NA,NA,NA,NA,NA,NA,NA,NA,NA,NA,NA,NA,NA,NA,NA,NA,NA,NA,NA,NA,NA,NA,NA,NA,NA,NA,NA,NA,NA,NA,NA,NA,NA,NA,NA,NA,NA,NA,NA,NA,NA,NA,NA,NA,NA,NA,7.45049034,NA,NA,NA,NA,NA,0.550314415
"108",2020-05-29,56039,8.074494155,100,3.77193960366638,NA,NA,NA,NA,NA,NA,NA,NA,NA,NA,NA,0.416398703,NA,NA,NA,0.240917775,NA,NA,NA,NA,NA,NA,NA,NA,NA,NA,NA,NA,NA,NA,NA,NA,NA,NA,NA,NA,NA,NA,NA,NA,NA,NA,NA,NA,NA,NA,NA,NA,NA,NA,NA,NA,NA,NA,NA,NA,NA,NA,NA,NA,NA,NA,7.417177677,NA,NA,NA,NA,NA,NA
"109",2020-05-30,56039,12.16038530044,100,3.80474600206367,NA,NA,NA,NA,NA,NA,NA,NA,NA,NA,NA,0.603849916,NA,NA,NA,NA,NA,NA,NA,NA,NA,NA,NA,NA,NA,NA,NA,NA,NA,NA,NA,NA,NA,NA,NA,NA,NA,NA,NA,NA,NA,NA,NA,NA,NA,NA,NA,NA,NA,NA,NA,NA,3.56162897844,NA,NA,NA,NA,NA,NA,NA,NA,NA,7.994906406,NA,NA,NA,NA,NA,NA
"110",2020-05-31,56039,9.871226404,100,3.55163664437391,NA,NA,NA,NA,NA,NA,NA,NA,NA,NA,NA,0.623608361,NA,NA,NA,0.282075045,NA,NA,NA,NA,NA,NA,NA,NA,NA,NA,NA,NA,NA,NA,NA,NA,NA,NA,NA,NA,NA,NA,NA,NA,NA,NA,NA,NA,NA,NA,NA,NA,NA,NA,NA,NA,NA,NA,NA,NA,NA,NA,NA,NA,NA,NA,8.665543004,NA,NA,0.299999994,NA,NA,NA
"111",2020-06-01,56039,13.684677585,100,3.62978918795107,NA,NA,NA,NA,NA,NA,NA,NA,NA,NA,NA,0.595682465,NA,NA,NA,NA,NA,NA,NA,NA,NA,NA,2.20389664,NA,NA,NA,NA,NA,NA,NA,NA,NA,NA,NA,NA,NA,NA,NA,NA,NA,NA,NA,NA,NA,NA,NA,NA,NA,NA,NA,NA,NA,NA,NA,NA,NA,NA,NA,NA,NA,NA,NA,10.88509848,NA,NA,NA,NA,NA,NA
"112",2020-06-03,56039,12.793297804,100,3.68977977883828,NA,NA,NA,NA,NA,NA,NA,NA,NA,NA,NA,0.525773178,NA,NA,NA,NA,NA,NA,NA,NA,NA,NA,2.890900936,NA,NA,NA,NA,NA,NA,NA,NA,NA,NA,NA,NA,NA,NA,NA,NA,NA,NA,NA,NA,NA,NA,NA,NA,NA,NA,NA,NA,NA,NA,NA,NA,NA,NA,NA,NA,NA,NA,NA,9.37662369,NA,NA,NA,NA,NA,NA
"113",2020-06-04,56039,13.231986492,100,3.72414944217607,NA,NA,NA,NA,NA,NA,NA,NA,NA,NA,NA,0.570962504,NA,NA,NA,0.40339265,NA,NA,NA,NA,NA,NA,3.249784476,NA,NA,NA,NA,NA,NA,NA,NA,NA,NA,NA,NA,NA,NA,NA,NA,NA,NA,NA,NA,NA,NA,NA,NA,NA,NA,NA,NA,NA,NA,NA,NA,NA,NA,NA,NA,NA,NA,NA,9.007846862,NA,NA,NA,NA,NA,NA
"114",2020-06-05,56039,19.2989931776,100,3.78961130626461,NA,NA,NA,NA,NA,NA,NA,NA,NA,NA,NA,0.67326732,NA,NA,NA,NA,NA,NA,NA,NA,NA,NA,3.942179928,NA,NA,NA,NA,NA,NA,NA,NA,NA,NA,NA,NA,NA,NA,NA,NA,NA,NA,NA,NA,NA,NA,NA,NA,NA,NA,NA,NA,NA,4.9871465346,NA,NA,NA,NA,NA,NA,NA,NA,NA,9.696399395,NA,NA,NA,NA,NA,NA
"115",2020-06-06,56039,13.890476094,100,3.69376704666703,NA,NA,NA,NA,NA,NA,NA,NA,NA,NA,NA,0.70866144,NA,NA,NA,0.417705201,NA,NA,NA,NA,NA,NA,3.95061728,NA,NA,NA,NA,NA,NA,NA,NA,NA,NA,NA,NA,NA,NA,NA,NA,NA,NA,NA,NA,NA,NA,NA,NA,NA,NA,NA,NA,NA,NA,NA,NA,NA,NA,NA,NA,NA,NA,NA,8.19444451,NA,NA,NA,NA,NA,0.619047663
"116",2020-06-07,56039,15.062688003,100,3.37848525096675,NA,NA,NA,NA,NA,NA,NA,NA,NA,NA,NA,0.76719162,NA,NA,NA,NA,NA,NA,NA,NA,NA,NA,3.785375328,NA,NA,NA,NA,NA,NA,NA,NA,NA,NA,NA,NA,NA,NA,NA,NA,NA,NA,NA,NA,NA,NA,NA,NA,NA,NA,NA,NA,NA,NA,NA,NA,NA,NA,NA,NA,NA,NA,NA,10.510121055,NA,NA,NA,NA,NA,NA
"117",2020-06-09,56039,17.039674439,100,3.73200543409256,NA,NA,NA,NA,NA,NA,NA,NA,NA,NA,NA,0.82686198,NA,NA,NA,NA,NA,NA,NA,NA,NA,NA,4.658645694,NA,NA,NA,NA,NA,NA,NA,NA,NA,NA,NA,NA,NA,NA,NA,NA,NA,NA,NA,NA,NA,NA,NA,NA,NA,NA,NA,NA,NA,NA,NA,NA,NA,NA,NA,NA,NA,NA,NA,11.554166765,NA,NA,NA,NA,NA,NA
"118",2020-06-10,56039,19.542912387,101,3.79635500204514,NA,NA,NA,NA,NA,NA,NA,NA,NA,NA,NA,0.945494984,NA,NA,NA,NA,NA,NA,NA,NA,NA,NA,4.270711043,NA,NA,NA,NA,NA,NA,NA,NA,NA,NA,NA,NA,NA,NA,NA,NA,NA,NA,NA,NA,NA,NA,NA,NA,NA,NA,NA,NA,NA,NA,NA,NA,NA,NA,NA,NA,NA,NA,NA,14.32670636,NA,NA,NA,NA,NA,NA
"119",2020-06-11,56039,15.086882371,102,3.8008127364238,NA,NA,NA,NA,NA,NA,NA,NA,NA,NA,NA,1.0345656,NA,NA,NA,NA,NA,NA,NA,NA,NA,NA,5.215827575,NA,NA,NA,NA,NA,NA,NA,NA,NA,NA,NA,NA,NA,NA,NA,NA,NA,NA,NA,NA,NA,NA,NA,NA,NA,NA,NA,NA,NA,NA,NA,NA,NA,NA,NA,NA,NA,NA,NA,8.836489196,NA,NA,NA,NA,NA,NA
"120",2020-06-12,56039,15.99773485,104,3.98900778604856,NA,NA,NA,NA,NA,NA,NA,NA,NA,NA,NA,1.156773549,NA,NA,NA,NA,NA,NA,NA,NA,NA,NA,4.213525969,NA,NA,NA,NA,NA,NA,NA,NA,NA,NA,NA,NA,NA,NA,NA,NA,NA,NA,NA,NA,NA,NA,NA,NA,NA,NA,NA,NA,NA,NA,NA,NA,NA,NA,NA,NA,NA,NA,NA,10.627435332,NA,NA,NA,NA,NA,NA
"121",2020-06-07,56025,25.223202897092,82,3.62301058801369,NA,NA,NA,NA,NA,NA,NA,NA,NA,NA,NA,NA,NA,NA,NA,NA,NA,0.038436558392,NA,NA,NA,NA,NA,NA,NA,NA,NA,NA,NA,0.2277227677,NA,NA,NA,NA,NA,NA,NA,NA,NA,NA,NA,NA,NA,NA,NA,NA,NA,1.81094286,NA,NA,NA,NA,NA,NA,NA,NA,NA,NA,NA,0.789237664,0.68732392,5.18211552,12.659918805,2.514373476,NA,NA,NA,NA,1.313131326
"122",2020-05-28,56025,23.146718978,75,3.81787663544359,NA,NA,NA,NA,NA,NA,NA,NA,NA,NA,NA,NA,NA,NA,NA,NA,NA,NA,NA,0.24048096,NA,NA,NA,NA,NA,NA,NA,NA,NA,NA,NA,NA,NA,NA,NA,NA,NA,NA,NA,NA,NA,NA,NA,NA,NA,NA,NA,NA,NA,NA,NA,NA,NA,NA,NA,NA,NA,NA,NA,0.66115704,0.781609184,7.71155904,10.244424348,2.186733656,NA,NA,NA,NA,1.32075475
"123",2020-05-29,56025,26.188584362,76,3.8657170751301,NA,NA,NA,NA,NA,NA,NA,NA,NA,NA,NA,NA,NA,NA,NA,NA,NA,NA,NA,0.762430914,NA,NA,NA,NA,NA,NA,NA,NA,NA,NA,NA,NA,NA,NA,NA,NA,NA,NA,NA,NA,NA,NA,NA,NA,NA,NA,NA,NA,NA,NA,NA,NA,NA,NA,NA,NA,NA,NA,NA,0.784635885,0.77148848,7.10543136,12.920245884,2.332006144,NA,NA,NA,NA,1.512345695
"124",2020-05-03,56025,11.7000069948,48,3.46021318740728,NA,NA,NA,NA,NA,NA,NA,NA,NA,NA,NA,NA,NA,NA,NA,NA,NA,NA,NA,NA,NA,NA,NA,NA,NA,NA,NA,NA,NA,NA,NA,NA,NA,NA,NA,NA,NA,NA,NA,NA,NA,NA,NA,NA,NA,NA,NA,NA,NA,NA,NA,NA,NA,NA,NA,NA,NA,NA,NA,0.37047756,0.144274125,5.32432428,4.318681585,1.1798801168,NA,NA,NA,NA,0.362369328
"125",2020-05-11,56025,15.0726757622,48,3.71168089490545,NA,NA,NA,NA,NA,NA,NA,NA,NA,NA,NA,NA,NA,NA,NA,NA,NA,NA,NA,NA,NA,NA,NA,NA,NA,NA,NA,NA,NA,NA,NA,NA,NA,NA,NA,NA,NA,NA,NA,NA,NA,NA,NA,NA,NA,NA,NA,NA,NA,NA,NA,NA,NA,NA,NA,NA,NA,NA,NA,0.608959429,0.178082195,6.38600474,6.048944406,1.5804147362,NA,NA,NA,NA,0.270270256
"126",2020-04-22,56013,2.90681597186,57,3.40601474360171,NA,NA,NA,NA,NA,NA,NA,NA,NA,NA,NA,NA,NA,NA,NA,NA,NA,NA,NA,NA,NA,NA,NA,NA,NA,NA,NA,NA,NA,NA,NA,0.06098580746,NA,NA,NA,NA,NA,NA,NA,NA,NA,NA,NA,NA,NA,NA,NA,NA,NA,NA,NA,NA,NA,NA,NA,NA,NA,NA,NA,NA,0.0295202956,NA,NA,0.1371605706,0.3966942432,0.063130208,1.978723335,NA,0.240601512
"127",2020-05-03,56013,0.9179912684,131,3.1066400251179,NA,NA,NA,NA,NA,NA,NA,NA,NA,NA,NA,NA,NA,NA,NA,NA,NA,NA,NA,NA,NA,NA,NA,NA,NA,NA,NA,NA,NA,NA,NA,NA,NA,NA,NA,NA,NA,NA,NA,NA,NA,NA,NA,NA,NA,NA,NA,NA,NA,NA,NA,NA,NA,NA,NA,NA,NA,NA,0.03018868,0.1041968136,NA,NA,NA,NA,0.4790137872,0.1094700276,NA,NA,0.19512196
"128",2020-04-30,56025,12.0195248625,49,3.6969858206657,NA,NA,NA,NA,NA,NA,NA,NA,NA,NA,NA,NA,NA,NA,NA,NA,NA,NA,NA,NA,NA,NA,NA,NA,NA,NA,NA,NA,NA,0.320930224,NA,NA,NA,NA,NA,NA,NA,NA,NA,NA,NA,NA,NA,NA,NA,NA,NA,NA,NA,NA,NA,NA,NA,NA,NA,NA,NA,NA,NA,0.560953248,0.1251086,5.9935139,3.705711292,1.1013870705,NA,NA,NA,NA,0.211920528
"129",2020-05-01,56025,10.923936497615,49,3.76309461190312,NA,NA,NA,NA,NA,NA,NA,NA,NA,NA,NA,NA,NA,NA,NA,NA,NA,NA,NA,NA,NA,NA,NA,NA,NA,NA,NA,NA,NA,NA,NA,NA,NA,NA,NA,NA,NA,NA,NA,NA,NA,0.108625208215,NA,NA,NA,NA,NA,NA,NA,NA,NA,NA,NA,NA,NA,NA,NA,NA,NA,0.481093392,0.16652789,5.54216894,3.42530916,0.9269199954,NA,NA,NA,NA,0.273291912
"130",2020-05-05,56025,11.0852935054,48,3.739827653363,NA,NA,NA,NA,NA,NA,NA,NA,NA,NA,NA,NA,NA,NA,NA,NA,NA,NA,NA,NA,NA,NA,NA,NA,NA,NA,NA,NA,NA,0,NA,NA,NA,NA,NA,NA,NA,NA,NA,NA,NA,NA,NA,NA,NA,NA,NA,NA,NA,NA,NA,NA,NA,NA,NA,NA,NA,NA,NA,0.529826232,0.167420825,5.95737697,3.10483866,1.2422071224,NA,NA,NA,NA,0.083623696
"131",2020-05-09,56025,16.8079213857,48,3.66428174170774,NA,NA,NA,NA,NA,NA,NA,NA,NA,NA,NA,NA,NA,NA,NA,NA,NA,NA,NA,NA,NA,NA,NA,NA,NA,NA,NA,NA,NA,0,NA,NA,NA,NA,NA,NA,NA,NA,NA,NA,NA,NA,NA,NA,NA,NA,NA,NA,NA,NA,NA,NA,NA,NA,NA,NA,NA,NA,NA,0.564751713,0.20047169,6.5118911,7.69961952,1.5662867067,NA,NA,NA,NA,0.264900656
"132",2020-05-26,56025,27.480217819,72,3.80056280400386,NA,NA,NA,NA,NA,NA,NA,NA,NA,NA,NA,NA,NA,NA,NA,NA,NA,NA,NA,NA,NA,NA,NA,NA,NA,NA,NA,NA,NA,NA,NA,NA,NA,NA,NA,NA,NA,NA,NA,NA,NA,NA,NA,NA,NA,NA,NA,NA,NA,NA,NA,NA,NA,NA,NA,NA,NA,NA,NA,0.77868852,0.77807248,7.46325864,15.6802125,1.933831821,NA,NA,NA,NA,0.846153858
"133",2020-04-22,56025,6.9755011342,48,3.66844944535489,NA,NA,NA,NA,NA,NA,NA,NA,NA,NA,NA,NA,NA,NA,NA,NA,NA,NA,NA,NA,NA,NA,NA,NA,NA,NA,NA,NA,NA,0.2169811352,NA,NA,NA,NA,NA,NA,NA,NA,NA,NA,NA,NA,NA,NA,NA,NA,NA,NA,NA,NA,NA,NA,NA,NA,NA,NA,NA,NA,NA,0.414278982,0.143911436,3.56140352,1.700673717,0.607425288,NA,NA,NA,NA,0.330827056
"134",2020-04-25,56025,8.7952491344,49,3.59597768577248,NA,NA,NA,NA,NA,NA,NA,NA,NA,NA,NA,NA,NA,NA,NA,NA,NA,NA,NA,NA,NA,NA,NA,NA,NA,NA,NA,NA,NA,0,NA,NA,NA,NA,NA,NA,NA,NA,NA,NA,NA,NA,NA,NA,NA,NA,NA,NA,NA,NA,NA,NA,NA,NA,NA,NA,NA,NA,NA,0.423860307,0.134868412,4.5714288,2.687619099,0.8643983084,NA,NA,NA,NA,0.113074208
"135",2020-04-27,56025,7.9819167664,49,3.64920596458192,NA,NA,NA,NA,NA,NA,NA,NA,NA,NA,NA,NA,NA,NA,NA,NA,NA,NA,NA,NA,NA,NA,NA,NA,NA,NA,NA,NA,NA,0.1090047326,NA,NA,NA,NA,NA,NA,NA,NA,NA,NA,NA,NA,NA,NA,NA,NA,NA,NA,NA,NA,NA,NA,NA,NA,NA,NA,NA,NA,NA,0.376142345,0.164908916,4.0045302,2.570320224,0.7280248448,NA,NA,NA,NA,0.028985504
"136",2020-05-02,56025,13.7846134142,48,3.64495249548503,NA,NA,NA,NA,NA,NA,NA,NA,NA,NA,NA,NA,NA,NA,NA,NA,NA,NA,NA,NA,NA,NA,NA,NA,NA,NA,NA,NA,NA,0.1111111094,NA,NA,NA,NA,NA,NA,NA,NA,NA,NA,NA,NA,NA,NA,NA,NA,NA,NA,NA,NA,NA,NA,NA,NA,NA,NA,NA,NA,NA,0.46371348,0.160361845,6.41069409,5.2194176,1.2161406818,NA,NA,NA,NA,0.203174608
"137",2020-05-12,56025,11.569785818,47,3.64086451474951,NA,NA,NA,NA,NA,NA,NA,NA,NA,NA,NA,NA,NA,NA,NA,NA,NA,NA,NA,NA,NA,NA,NA,NA,NA,NA,NA,NA,NA,0,NA,NA,NA,NA,NA,NA,NA,NA,NA,NA,NA,NA,NA,NA,NA,NA,NA,NA,NA,NA,NA,NA,NA,NA,NA,NA,NA,NA,NA,0.74507967,0.184684695,5.41025642,3.912161917,1.15489126,NA,NA,NA,NA,0.162711856
"138",2020-05-13,56025,15.753799689,48,3.73153346491105,NA,NA,NA,NA,NA,NA,NA,NA,NA,NA,NA,NA,NA,NA,NA,NA,NA,NA,NA,NA,NA,NA,NA,NA,NA,NA,NA,NA,NA,0.0974576263,NA,NA,NA,NA,NA,NA,NA,NA,NA,NA,NA,NA,NA,NA,NA,NA,NA,NA,NA,NA,NA,NA,NA,NA,NA,NA,NA,NA,NA,0.573597061,0.16762061,6.03440834,6.999037804,1.5863762477,NA,NA,NA,NA,0.295302
"139",2020-05-19,56025,18.392990355,64,3.77789339989471,NA,NA,NA,NA,NA,NA,NA,NA,NA,NA,NA,NA,NA,NA,NA,NA,NA,NA,NA,NA,NA,NA,NA,NA,NA,NA,NA,NA,NA,0,NA,NA,NA,NA,NA,NA,NA,NA,NA,NA,NA,NA,NA,NA,NA,NA,NA,NA,NA,NA,NA,NA,NA,NA,NA,NA,NA,NA,NA,0.586253328,0.671834625,6.8427672,8.583011892,1.310546814,NA,NA,NA,NA,0.398576496
"140",2020-05-20,56025,20.0838249398,66,3.79547500346049,NA,NA,NA,NA,NA,NA,NA,NA,NA,NA,NA,NA,NA,NA,NA,NA,NA,NA,NA,NA,NA,NA,NA,NA,NA,NA,NA,NA,NA,0.273809526,NA,NA,NA,NA,NA,NA,NA,NA,NA,NA,NA,NA,NA,NA,NA,NA,NA,NA,NA,NA,NA,NA,NA,NA,NA,NA,NA,NA,NA,0.82749561,0.683969504,6.16314192,10.072045945,1.6126582108,NA,NA,NA,NA,0.450704224
"141",2020-05-30,56025,25.379611585,76,3.80181821286798,NA,NA,NA,NA,NA,NA,NA,NA,NA,NA,NA,NA,NA,NA,NA,NA,NA,NA,NA,NA,NA,NA,NA,NA,NA,NA,NA,NA,NA,0,NA,NA,NA,NA,NA,NA,NA,NA,NA,NA,NA,NA,NA,NA,NA,NA,NA,NA,NA,NA,NA,NA,NA,NA,NA,NA,NA,NA,NA,1.050847455,0.766598224,7.14545496,12.462648824,2.389107384,NA,NA,NA,NA,1.564954738
"142",2020-06-01,56025,22.0083563106,79,3.80414548803408,NA,NA,NA,NA,NA,NA,NA,NA,NA,NA,NA,NA,NA,NA,NA,NA,NA,NA,NA,NA,NA,NA,NA,NA,NA,NA,NA,NA,NA,0.1017699216,NA,NA,NA,NA,NA,NA,NA,NA,NA,NA,NA,NA,NA,NA,NA,NA,NA,NA,NA,NA,NA,NA,NA,NA,NA,NA,NA,NA,NA,0.528725305,0.659660464,6.50539968,12.15080754,2.0619934,NA,NA,NA,NA,NA
"143",2020-06-02,56025,19.8968164901,79,3.80610265551286,NA,NA,NA,NA,NA,NA,NA,NA,NA,NA,NA,NA,NA,NA,NA,NA,NA,NA,NA,NA,NA,NA,NA,NA,NA,NA,NA,NA,NA,0.2062780369,NA,NA,NA,NA,NA,NA,NA,NA,NA,NA,NA,NA,NA,NA,NA,NA,NA,NA,NA,NA,NA,NA,NA,NA,NA,NA,NA,NA,NA,0.686448221,0.728376336,7.166844,9.408573569,1.7002963272,NA,NA,NA,NA,NA
"144",2020-06-06,56025,27.861409379,82,3.71942835703149,NA,NA,NA,NA,NA,NA,NA,NA,NA,NA,NA,NA,NA,NA,NA,NA,NA,NA,NA,NA,NA,NA,NA,NA,NA,NA,NA,NA,NA,0,NA,NA,NA,NA,NA,NA,NA,NA,NA,NA,NA,NA,NA,NA,NA,NA,NA,NA,NA,NA,NA,NA,NA,NA,NA,NA,NA,NA,NA,0.830601088,0.599605504,6.85344816,15.66584992,2.797618976,NA,NA,NA,NA,1.114285731
"145",2020-06-11,56025,25.453254614,87,3.84615796379323,NA,NA,NA,NA,NA,NA,NA,NA,NA,NA,NA,NA,NA,NA,NA,NA,NA,NA,NA,NA,NA,NA,NA,NA,NA,NA,NA,NA,NA,0,NA,NA,NA,NA,NA,NA,NA,NA,NA,NA,NA,NA,NA,NA,NA,NA,NA,NA,NA,NA,NA,NA,NA,NA,NA,NA,NA,NA,NA,1.131882219,1.17894738,6.92834904,12.734940454,2.485504948,NA,NA,NA,NA,0.993630573
"146",2020-05-07,56041,17.3926164395,8,3.48664416335123,NA,NA,NA,NA,NA,NA,NA,NA,NA,NA,NA,NA,NA,NA,NA,NA,NA,NA,NA,NA,NA,NA,NA,NA,NA,NA,NA,NA,NA,0,NA,NA,NA,NA,NA,NA,NA,NA,0.20670391,NA,NA,NA,NA,NA,NA,NA,NA,NA,NA,NA,0.7001168037,NA,6.350283733,7.154723244,NA,NA,NA,NA,0.261603384,NA,0.25327511,NA,NA,1.3820448238,NA,1.083865431,NA,NA,NA
"147",2020-04-28,56025,9.1154898622,49,3.68325998094892,NA,NA,NA,NA,NA,NA,NA,NA,NA,NA,NA,NA,NA,NA,NA,NA,NA,NA,NA,NA,NA,NA,NA,NA,NA,NA,NA,NA,NA,NA,NA,NA,NA,NA,NA,NA,NA,NA,NA,NA,NA,NA,NA,NA,NA,NA,NA,NA,NA,NA,NA,NA,NA,NA,NA,NA,NA,NA,NA,0.439140817,0.117539024,4.90149891,2.61015324,0.8218057592,NA,NA,NA,NA,0.225352112
"148",2020-05-05,56013,3.27827998822,140,3.49837745242833,NA,NA,NA,NA,NA,NA,NA,NA,NA,NA,NA,NA,NA,NA,NA,NA,NA,NA,NA,NA,NA,NA,NA,NA,NA,NA,NA,NA,NA,NA,NA,0.06570233919,NA,NA,NA,NA,NA,NA,NA,NA,NA,NA,NA,NA,NA,NA,NA,NA,NA,NA,NA,NA,0.49526755903,NA,NA,NA,NA,NA,NA,NA,0.031674211,NA,NA,0.162027054,0.4096527552,0.0698275818,1.876881104,NA,0.167247384
"149",2020-05-13,56013,0.77914498707,202,3.45890925268448,NA,NA,NA,NA,NA,NA,NA,NA,NA,NA,NA,NA,NA,NA,NA,NA,NA,NA,NA,NA,NA,NA,NA,NA,NA,NA,NA,NA,NA,NA,NA,0.07363636857,NA,NA,NA,NA,NA,NA,NA,NA,NA,NA,NA,NA,NA,NA,NA,NA,NA,NA,NA,NA,NA,NA,NA,NA,NA,NA,NA,NA,0.0449713785,NA,NA,NA,0.553154688,NA,NA,NA,0.107382552
"150",2020-06-08,56025,22.8504048536,87,3.79765515854586,NA,NA,NA,NA,NA,NA,NA,NA,NA,NA,NA,NA,NA,NA,NA,NA,NA,NA,NA,NA,NA,NA,NA,NA,NA,NA,NA,NA,NA,NA,NA,0.5939240904,NA,NA,NA,NA,NA,NA,NA,NA,NA,NA,NA,NA,NA,NA,NA,NA,NA,NA,NA,NA,NA,NA,NA,NA,NA,0,NA,0.88983055,0.824742256,7.05882384,10.908180063,1.8413617512,NA,NA,NA,NA,0.733542303
"151",2020-04-22,56041,10.0661616025,7,3.4028499965519,NA,NA,NA,NA,NA,NA,NA,NA,NA,NA,NA,NA,NA,NA,NA,NA,NA,NA,NA,NA,NA,NA,NA,NA,NA,NA,NA,NA,NA,NA,NA,NA,NA,NA,NA,NA,NA,NA,NA,NA,NA,NA,NA,NA,NA,NA,NA,NA,NA,NA,0.481532181,NA,2.5282869903,4.696135037,NA,NA,NA,NA,0.181395348,NA,0.2509225,NA,NA,1.0580955942,NA,0.869793952,NA,NA,NA
"152",2020-05-02,56041,17.9066242419,8,3.50460075496209,NA,NA,NA,NA,NA,NA,NA,NA,NA,NA,NA,NA,NA,NA,NA,NA,NA,NA,NA,NA,NA,NA,NA,NA,NA,NA,NA,NA,NA,NA,NA,NA,NA,NA,NA,NA,NA,NA,0.213998386,NA,NA,NA,NA,NA,NA,NA,NA,NA,NA,NA,0.861894222,NA,5.8723832579,8.07453375,NA,NA,NA,NA,0.25350648,NA,0.234375,NA,NA,1.538790264,NA,0.857142882,NA,NA,NA
"153",2020-05-09,56041,18.1992437838,9,3.55631289088587,NA,NA,NA,NA,NA,NA,NA,NA,NA,NA,NA,NA,NA,NA,NA,NA,NA,NA,NA,NA,NA,NA,NA,NA,NA,NA,NA,NA,NA,NA,NA,NA,NA,NA,NA,NA,NA,NA,0.230136984,NA,NA,NA,NA,NA,NA,NA,NA,NA,NA,NA,1.0912235425,NA,6.9718406343,6.475771225,NA,NA,NA,NA,0.255489024,NA,0.22798741,NA,NA,1.778664476,NA,1.168130488,NA,NA,NA
"154",2020-05-10,56041,16.6014197064,9,3.49160530697162,NA,NA,NA,NA,NA,NA,NA,NA,NA,NA,NA,NA,NA,NA,NA,NA,NA,NA,NA,NA,NA,NA,NA,NA,NA,NA,NA,NA,NA,NA,NA,NA,NA,NA,NA,0.515413076,NA,NA,NA,NA,NA,NA,NA,NA,NA,NA,NA,NA,NA,NA,0.6232313414,NA,5.216172373,6.319244855,NA,NA,NA,NA,0.309623424,NA,0.254885295,NA,NA,2.221708164,NA,1.141141178,NA,NA,NA
"155",2020-05-17,56041,21.262128006,10,3.3652443252441,NA,NA,NA,NA,NA,NA,NA,NA,NA,NA,NA,NA,NA,NA,NA,NA,NA,NA,NA,NA,NA,NA,NA,NA,NA,NA,NA,NA,NA,NA,NA,NA,NA,NA,NA,NA,NA,NA,NA,NA,NA,NA,NA,NA,NA,NA,NA,NA,NA,NA,0.8660577846,NA,6.7602292428,9.299480324,NA,NA,NA,NA,0.36534654,NA,0.737421384,NA,NA,1.7466470316,NA,1.486945699,NA,NA,NA
"156",2020-05-20,56041,24.2446973487,11,3.51294255016927,NA,NA,NA,NA,NA,NA,NA,NA,NA,NA,NA,NA,NA,NA,NA,NA,NA,NA,NA,NA,NA,NA,NA,NA,NA,NA,NA,NA,NA,NA,NA,NA,NA,NA,NA,NA,NA,NA,0.33421952,NA,NA,NA,NA,NA,NA,NA,NA,NA,NA,NA,0.735929088,NA,8.6497102999,10.432099106,NA,NA,NA,NA,0.29866116,NA,0.671755728,NA,NA,1.5838608968,NA,1.53846155,NA,NA,NA
"157",2020-05-24,56041,28.2683754774,12,3.41586132533256,NA,NA,NA,NA,NA,NA,NA,NA,NA,NA,NA,NA,NA,NA,NA,NA,NA,NA,NA,NA,NA,NA,NA,NA,NA,NA,NA,NA,NA,NA,NA,NA,NA,NA,NA,0.63025209,NA,NA,NA,NA,NA,NA,NA,NA,NA,NA,NA,NA,NA,NA,0.9169595592,NA,10.6879831072,10.02061854,NA,NA,NA,NA,0.682329901,NA,1.03758288,NA,NA,2.7529411,NA,1.5397083,NA,NA,NA
"158",2020-05-25,56041,27.658462426,12,3.50209573447544,NA,NA,NA,NA,NA,NA,NA,NA,NA,NA,NA,NA,NA,NA,NA,NA,NA,NA,NA,NA,NA,NA,NA,NA,NA,NA,NA,NA,NA,NA,NA,NA,NA,NA,NA,NA,NA,NA,NA,NA,NA,NA,NA,NA,NA,NA,NA,NA,NA,NA,1.014726336,NA,9.14282264,12.08955213,NA,NA,NA,NA,0.6231454,NA,0.857378416,NA,NA,2.099030679,NA,1.831806825,NA,NA,NA
"159",2020-05-30,56041,31.007968885,12,3.49541561333564,NA,NA,NA,NA,NA,NA,NA,NA,NA,NA,NA,NA,NA,NA,NA,NA,NA,NA,NA,NA,NA,NA,NA,NA,NA,NA,NA,NA,NA,NA,NA,NA,NA,NA,NA,NA,NA,NA,0.378397702,NA,NA,NA,NA,NA,NA,NA,NA,NA,NA,NA,1.7817141624,NA,14.5607765836,9.419355356,NA,NA,NA,NA,0.7635253,NA,0.777549632,NA,NA,1.905597516,NA,1.421052633,NA,NA,NA
"160",2020-06-06,56041,37.0271855695,19,3.42792255778669,NA,NA,NA,NA,NA,NA,NA,NA,NA,NA,NA,NA,NA,NA,NA,NA,NA,NA,NA,NA,NA,NA,NA,NA,NA,NA,NA,NA,NA,NA,NA,NA,NA,NA,NA,NA,NA,NA,NA,NA,NA,NA,NA,NA,NA,NA,NA,NA,NA,NA,1.466666432,NA,15.2344081695,11.506020162,NA,3.719905728,NA,NA,0.640037138,NA,0.715318864,NA,NA,1.958333396,NA,1.78649568,NA,NA,NA
"161",2020-06-10,56041,40.3568225991,39,3.58890233920834,NA,NA,NA,NA,NA,NA,NA,NA,NA,NA,NA,NA,NA,NA,NA,NA,NA,NA,NA,NA,NA,NA,NA,NA,NA,NA,NA,NA,NA,NA,NA,NA,NA,NA,NA,NA,NA,NA,0.484514784,NA,NA,NA,NA,NA,NA,NA,NA,NA,NA,NA,1.6717957481,NA,17.8697445866,10.088118711,1.3818525174,3.448164708,NA,NA,0.951062762,NA,0.67558056,NA,NA,1.898076952,NA,1.88791127,NA,NA,NA
"162",2020-05-03,56041,17.0936600152,8,3.29904772502428,NA,NA,NA,NA,NA,NA,NA,NA,NA,NA,NA,NA,NA,NA,NA,NA,NA,NA,NA,NA,NA,NA,NA,NA,NA,NA,NA,NA,NA,NA,NA,NA,NA,NA,NA,0.418952608,NA,NA,NA,NA,NA,NA,NA,NA,NA,NA,NA,NA,NA,NA,0.7664523942,NA,4.041338016,7.043711024,NA,1.32930308,NA,NA,0.327762816,NA,0.275022535,NA,NA,1.898068018,NA,0.993049524,NA,NA,NA
"163",2020-05-14,56041,17.425591414,9,3.54776134909512,NA,NA,NA,NA,NA,NA,NA,NA,NA,NA,NA,NA,NA,NA,NA,NA,NA,NA,NA,NA,NA,NA,NA,NA,NA,NA,NA,NA,NA,NA,NA,NA,NA,NA,NA,0.412636029,NA,NA,NA,NA,NA,NA,NA,NA,NA,NA,NA,NA,NA,NA,0.8197538757,NA,7.4694679917,5.403154212,NA,NA,NA,NA,0.217994856,NA,0.268800014,NA,NA,1.5989947466,NA,1.234789689,NA,NA,NA
"164",2020-06-07,56041,28.27644165,23,3.25030788132966,NA,NA,NA,NA,NA,NA,NA,NA,NA,NA,NA,NA,NA,NA,NA,NA,NA,NA,NA,NA,NA,NA,NA,NA,NA,NA,NA,NA,NA,NA,NA,NA,NA,NA,NA,0.563034808,NA,NA,0.31974111,NA,NA,NA,NA,NA,NA,NA,NA,NA,NA,NA,NA,NA,11.211148792,9.977011604,NA,NA,NA,NA,0.861878472,NA,1.104225392,NA,NA,2.4854728,NA,1.753928672,NA,NA,NA
"165",2020-06-11,56041,39.3080732263,53,3.61774964924065,NA,NA,NA,NA,NA,NA,NA,NA,NA,NA,NA,NA,NA,NA,NA,NA,NA,NA,NA,NA,NA,NA,NA,NA,NA,NA,NA,NA,NA,NA,NA,NA,NA,NA,NA,0.71983875,NA,NA,NA,NA,NA,NA,NA,NA,NA,NA,NA,NA,NA,NA,1.9782605304,NA,17.1084292129,9.083149062,NA,3.783870575,NA,NA,0.744274804,NA,1.16491228,NA,NA,2.215992284,NA,2.509345728,NA,NA,NA
"166",2020-04-23,56041,12.053693552,7,3.33709794103955,NA,NA,NA,NA,NA,NA,NA,NA,NA,NA,NA,NA,NA,NA,NA,NA,NA,NA,NA,NA,NA,NA,NA,NA,NA,NA,NA,NA,NA,NA,NA,NA,NA,NA,NA,NA,NA,NA,0.135744686,NA,NA,NA,NA,NA,NA,NA,NA,NA,NA,NA,0.409369716,NA,2.576965986,6.22222237,NA,NA,NA,NA,0.186635946,NA,0.20351526,NA,NA,1.399043412,NA,0.920196176,NA,NA,NA
"167",2020-04-25,56041,15.815808149,7,3.40317138701631,NA,NA,NA,NA,NA,NA,NA,NA,NA,NA,NA,NA,NA,NA,NA,NA,NA,NA,NA,NA,NA,NA,NA,NA,NA,NA,NA,NA,NA,NA,NA,NA,NA,NA,NA,NA,NA,NA,0.126587307,NA,NA,NA,NA,NA,NA,NA,NA,NA,NA,NA,0.769816236,NA,3.024934667,9.337793975,NA,NA,NA,NA,0.162420384,NA,0.197368412,NA,NA,1.296597568,NA,0.9002896,NA,NA,NA
"168",2020-05-06,56041,15.4767207925,8,3.4863319356204,NA,NA,NA,NA,NA,NA,NA,NA,NA,NA,NA,NA,NA,NA,NA,NA,NA,NA,NA,NA,NA,NA,NA,NA,NA,NA,NA,NA,NA,NA,NA,NA,NA,NA,NA,NA,NA,NA,0.243382048,NA,NA,NA,NA,NA,NA,NA,NA,NA,NA,NA,NA,NA,5.8179905875,6.192019832,NA,NA,NA,NA,0.226826608,NA,0.28462192,NA,NA,1.710644739,NA,1.001235058,NA,NA,NA
"169",2020-05-13,56041,21.0184655364,9,3.463429301568,NA,NA,NA,NA,NA,NA,NA,NA,NA,NA,NA,NA,NA,NA,NA,NA,NA,NA,NA,NA,NA,NA,NA,NA,NA,NA,NA,NA,NA,NA,NA,NA,NA,NA,NA,NA,NA,NA,0.277929158,NA,NA,NA,NA,NA,NA,NA,NA,NA,NA,NA,0.6824250558,NA,7.483638631,6.769478184,NA,1.772162595,NA,NA,0.209850104,NA,0.286181515,NA,0.7776709322,1.5297199414,NA,1.22940942,NA,NA,NA
"170",2020-05-15,56041,27.8352895774,9,3.55855039117011,NA,NA,NA,NA,NA,NA,NA,NA,NA,NA,NA,NA,NA,NA,NA,NA,NA,NA,NA,NA,NA,NA,NA,NA,NA,NA,NA,NA,NA,NA,NA,NA,NA,NA,NA,NA,NA,NA,0.238800309,NA,NA,NA,NA,NA,NA,NA,NA,NA,NA,NA,1.282171616,NA,10.11793161,10.436974812,NA,2.128184528,NA,NA,0.261386128,NA,0.404721768,NA,NA,1.6449415744,NA,1.320177232,NA,NA,NA
"171",2020-05-23,56041,36.9303877974,12,3.60184801838101,NA,NA,NA,NA,NA,NA,NA,NA,NA,NA,NA,NA,NA,NA,NA,NA,NA,NA,NA,NA,NA,NA,NA,NA,NA,NA,NA,NA,NA,NA,NA,NA,NA,NA,NA,NA,NA,NA,0.4333959,NA,NA,NA,NA,NA,NA,NA,NA,NA,NA,NA,1.965580749,NA,14.9781370806,10.934108549,1.14354352,3.078135424,NA,NA,0.397435906,NA,0.86083216,NA,NA,1.4237288338,NA,1.715489675,NA,NA,NA
"172",2020-06-02,56041,31.4724659746,13,3.59939496566507,NA,NA,NA,NA,NA,NA,NA,NA,NA,NA,NA,NA,NA,NA,NA,NA,NA,NA,NA,NA,NA,NA,NA,NA,NA,NA,NA,NA,NA,NA,NA,NA,NA,NA,NA,NA,NA,NA,0.32664756,NA,NA,NA,NA,NA,NA,NA,NA,NA,NA,NA,1.0878067266,NA,13.4936365,10.071053736,1.066326426,NA,NA,NA,0.64655175,NA,0.946889216,NA,NA,1.93481986,NA,1.8987342,NA,NA,NA
"173",2020-06-05,56041,43.1005417205,19,3.66829624281129,NA,NA,NA,NA,NA,NA,NA,NA,NA,NA,NA,NA,NA,NA,NA,NA,NA,NA,NA,NA,NA,NA,NA,NA,NA,NA,NA,NA,NA,NA,NA,NA,NA,NA,NA,NA,NA,NA,0.429824538,NA,NA,NA,NA,NA,NA,NA,NA,NA,NA,NA,1.6975507327,NA,18.58845726,12.112963088,1.2815533008,4.0458972686,NA,NA,0.583996244,NA,0.761904784,NA,NA,1.6798424724,NA,1.918552032,NA,NA,NA
"174",2020-06-09,56041,38.5968440053,35,3.57113533285923,NA,NA,NA,NA,NA,NA,NA,NA,NA,NA,NA,NA,NA,NA,NA,NA,NA,NA,NA,NA,NA,NA,NA,NA,NA,NA,NA,NA,NA,NA,NA,NA,NA,NA,NA,NA,NA,NA,0.348132486,0.863813248,NA,NA,NA,NA,NA,NA,NA,NA,NA,NA,1.2975363087,NA,16.02339552,10.7317078,1.3248152496,2.937470343,NA,NA,0.731658278,NA,0.549141936,NA,NA,2.18287364,NA,1.606299196,NA,NA,NA
"175",2020-06-12,56041,48.1624635186,62,3.63501656191255,NA,NA,NA,NA,NA,NA,NA,NA,NA,NA,NA,NA,NA,NA,NA,NA,NA,NA,NA,NA,NA,NA,NA,NA,NA,NA,NA,NA,NA,NA,NA,NA,NA,NA,NA,NA,NA,NA,0.562126248,NA,NA,NA,NA,NA,NA,NA,NA,NA,NA,NA,3.1410449616,NA,23.749023933,10.424894004,NA,5.24204904,NA,NA,0.6705409,NA,0.76335878,NA,NA,1.337290702,NA,2.27213495,NA,NA,NA
"176",2020-05-31,56025,24.5276750834,77,3.66627419646972,NA,NA,NA,NA,NA,NA,NA,NA,NA,NA,NA,NA,NA,NA,NA,NA,NA,NA,NA,NA,NA,NA,NA,NA,NA,NA,NA,NA,NA,NA,NA,NA,NA,NA,NA,NA,NA,NA,NA,NA,NA,NA,NA,NA,NA,NA,NA,NA,NA,NA,NA,NA,NA,NA,NA,NA,NA,NA,NA,0.676416001,0.657681936,5.93071608,14.286436402,1.5319802844,NA,NA,NA,NA,1.44444438
"177",2020-05-16,56025,18.185121242,53,3.72856273832435,NA,NA,NA,NA,NA,NA,NA,NA,NA,NA,NA,NA,NA,NA,NA,NA,NA,NA,NA,NA,NA,NA,NA,NA,NA,NA,NA,NA,NA,NA,NA,NA,NA,NA,NA,NA,NA,NA,NA,NA,NA,NA,NA,NA,NA,NA,NA,NA,NA,NA,NA,NA,NA,NA,NA,NA,NA,NA,NA,0.549029131,0.501142404,6.52033509,8.2980678,1.890871162,NA,NA,NA,NA,0.425675655
"178",2020-05-17,56025,15.9209190472,56,3.63357895666921,NA,NA,NA,NA,NA,NA,NA,NA,NA,NA,NA,NA,NA,NA,NA,NA,NA,NA,NA,NA,NA,NA,NA,NA,NA,NA,NA,NA,NA,NA,NA,NA,NA,NA,NA,NA,NA,NA,NA,NA,NA,NA,NA,NA,NA,NA,NA,NA,NA,NA,NA,NA,NA,NA,NA,NA,NA,NA,NA,0.549242455,0.506289336,4.80760099,7.853568508,1.4210009902,NA,NA,NA,NA,0.783216768
"179",2020-04-28,56041,10.9047252402,8,3.41370911358201,NA,NA,NA,NA,NA,NA,NA,NA,NA,NA,NA,NA,NA,NA,NA,NA,NA,NA,NA,NA,NA,NA,NA,NA,NA,NA,NA,NA,NA,NA,NA,NA,NA,NA,NA,NA,NA,NA,NA,NA,NA,NA,NA,NA,NA,NA,NA,NA,NA,NA,0.457048272,NA,3.590817048,5.041276527,NA,NA,NA,NA,0.159530792,NA,0.117539024,NA,NA,0.7533219772,NA,0.7851916,NA,NA,NA
"180",2020-04-30,56041,17.0967683401,8,3.48483023548665,NA,NA,NA,NA,NA,NA,NA,NA,NA,NA,NA,NA,NA,NA,NA,NA,NA,NA,NA,NA,NA,NA,NA,NA,NA,NA,NA,NA,NA,NA,NA,NA,NA,NA,NA,NA,NA,NA,NA,NA,NA,NA,NA,NA,NA,NA,NA,NA,NA,NA,0.520008255,NA,5.0809011561,7.754017293,NA,1.0870812,NA,NA,0.30396476,NA,0.145960032,NA,NA,1.31687579,NA,0.887959854,NA,NA,NA
"181",2020-05-05,56041,15.68131267,8,3.51634023869075,NA,NA,NA,NA,NA,NA,NA,NA,NA,NA,NA,NA,NA,NA,NA,NA,NA,NA,NA,NA,NA,NA,NA,NA,NA,NA,NA,NA,NA,NA,NA,NA,NA,NA,NA,NA,NA,NA,NA,NA,NA,NA,NA,NA,NA,NA,NA,NA,NA,NA,0.6591048,NA,5.337889898,6.393305182,NA,NA,NA,NA,0.2344666,NA,0.28054299,NA,NA,1.674279072,NA,1.101724128,NA,NA,NA
"182",2020-05-12,56041,13.36201829,9,3.40814767732124,NA,NA,NA,NA,NA,NA,NA,NA,NA,NA,NA,NA,NA,NA,NA,NA,NA,NA,NA,NA,NA,NA,NA,NA,NA,NA,NA,NA,NA,NA,NA,NA,NA,NA,NA,NA,NA,NA,NA,NA,NA,NA,NA,NA,NA,NA,NA,NA,NA,NA,0.496797808,NA,4.40170266,6.04937202,NA,NA,NA,NA,0.203939752,NA,0.21621622,NA,NA,1.01052981,NA,0.98346002,NA,NA,NA
"183",2020-05-16,56041,24.031921141,10,3.49247393519271,NA,NA,NA,NA,NA,NA,NA,NA,NA,NA,NA,NA,NA,NA,NA,NA,NA,NA,NA,NA,NA,NA,NA,NA,NA,NA,NA,NA,NA,NA,NA,NA,NA,NA,NA,NA,NA,NA,NA,NA,NA,NA,NA,NA,NA,NA,NA,NA,NA,NA,1.1666755041,NA,8.9367811788,9.8234848,NA,NA,NA,NA,0.342736254,NA,0.682406718,NA,NA,1.8036002201,NA,1.276236466,NA,NA,NA
"184",2020-05-21,56041,24.9713168066,13,3.56135420996344,NA,NA,NA,NA,NA,NA,NA,NA,NA,NA,NA,NA,NA,NA,NA,NA,NA,NA,NA,NA,NA,NA,NA,NA,NA,NA,NA,NA,NA,NA,NA,NA,NA,NA,NA,NA,NA,NA,NA,NA,NA,NA,NA,NA,NA,NA,NA,NA,NA,NA,1.111892428,NA,10.646460527,6.298099016,0.9159328152,2.23771143,NA,NA,0.28808594,NA,0.630196928,NA,NA,1.5786153474,NA,1.264322375,NA,NA,NA
"185",2020-05-26,56041,23.1359203404,12,3.50974498368791,NA,NA,NA,NA,NA,NA,NA,NA,NA,NA,NA,NA,NA,NA,NA,NA,NA,NA,NA,NA,NA,NA,NA,NA,NA,NA,NA,NA,NA,NA,NA,NA,NA,NA,NA,NA,NA,NA,NA,NA,NA,NA,NA,NA,NA,NA,NA,NA,NA,NA,0.8272579857,NA,10.213221447,8.192350125,NA,NA,NA,NA,0.577566938,NA,0.72148544,NA,NA,1.0115427297,NA,1.592495675,NA,NA,NA
"186",2020-05-27,56041,24.3003422152,12,3.57763710072204,NA,NA,NA,NA,NA,NA,NA,NA,NA,NA,NA,NA,NA,NA,NA,NA,NA,NA,NA,NA,NA,NA,NA,NA,NA,NA,NA,NA,NA,NA,NA,NA,NA,NA,NA,NA,NA,NA,NA,NA,NA,NA,NA,NA,NA,NA,NA,NA,NA,NA,0.9667813642,NA,9.91270996,9.458242475,NA,NA,NA,NA,0.64385694,NA,0.639498416,NA,NA,1.397460585,NA,1.281792475,NA,NA,NA
"187",2020-05-28,56041,31.6316219275,12,3.59675492840716,NA,NA,NA,NA,NA,NA,NA,NA,NA,NA,NA,NA,NA,NA,NA,NA,NA,NA,NA,NA,NA,NA,NA,NA,NA,NA,NA,NA,NA,NA,NA,NA,NA,NA,NA,NA,NA,NA,NA,NA,NA,NA,NA,NA,NA,NA,NA,NA,NA,NA,1.1143224257,NA,14.0334030976,9.272040225,NA,2.82989872,NA,NA,0.856717848,NA,0.689655184,NA,NA,1.4479724092,NA,1.387612018,NA,NA,NA
"188",2020-04-26,56041,13.139872744,7,3.26208173800115,NA,NA,NA,NA,NA,NA,NA,NA,NA,NA,NA,NA,NA,NA,NA,NA,NA,NA,NA,NA,NA,NA,NA,NA,NA,NA,NA,NA,NA,NA,NA,NA,NA,NA,NA,NA,NA,NA,NA,NA,NA,NA,NA,NA,NA,NA,NA,NA,NA,NA,0.703686984,NA,2.636815508,7.162282869,NA,NA,NA,NA,0.193763922,NA,0.333941592,NA,NA,1.159230125,NA,0.950151744,NA,NA,NA
"189",2020-04-27,56041,12.4195535018,7,3.3499634355315,NA,NA,NA,NA,NA,NA,NA,NA,NA,NA,NA,NA,NA,NA,NA,NA,NA,NA,NA,NA,NA,NA,NA,NA,NA,NA,NA,NA,NA,NA,NA,NA,NA,NA,NA,NA,NA,NA,NA,NA,NA,NA,NA,NA,NA,NA,NA,NA,NA,NA,0.40029208,NA,2.47968012,7.283982202,NA,NA,NA,NA,0.232472331,NA,0.122722916,NA,NA,1.0148224768,NA,0.885581376,NA,NA,NA
"190",2020-05-01,56041,17.9330938464,8,3.53191740581215,NA,NA,NA,NA,NA,NA,NA,NA,NA,NA,NA,NA,NA,NA,NA,NA,NA,NA,NA,NA,NA,NA,NA,NA,NA,NA,NA,NA,NA,NA,NA,NA,NA,NA,NA,NA,NA,NA,NA,NA,NA,NA,NA,NA,NA,NA,NA,NA,NA,NA,0.6782872731,NA,6.003334843,7.547551679,NA,1.18916037,NA,NA,0.202898544,NA,0.21648627,NA,NA,1.2121261173,NA,0.88324875,NA,NA,NA
"191",2020-05-04,56041,14.0526949698,8,3.45225341168643,NA,NA,NA,NA,NA,NA,NA,NA,NA,NA,NA,NA,NA,NA,NA,NA,NA,NA,NA,NA,NA,NA,NA,NA,NA,NA,NA,NA,NA,NA,NA,NA,NA,NA,NA,NA,NA,NA,NA,NA,NA,NA,NA,NA,NA,NA,NA,NA,NA,NA,0.551475243,NA,3.340995216,6.480922929,NA,1.121801604,NA,NA,0.225149704,NA,0.21695258,NA,NA,1.1424247038,NA,0.97297299,NA,NA,NA
"192",2020-05-18,56041,22.5094629077,12,3.51184413595042,NA,NA,NA,NA,NA,NA,NA,NA,NA,NA,NA,NA,NA,NA,NA,NA,NA,NA,NA,NA,NA,NA,NA,NA,NA,NA,NA,NA,NA,NA,NA,NA,NA,NA,NA,NA,NA,NA,NA,NA,NA,NA,NA,NA,NA,NA,NA,NA,NA,NA,0.636678272,NA,8.5544400227,8.918189073,NA,NA,NA,NA,0.37704919,NA,0.854867286,NA,NA,1.582380554,NA,1.58585851,NA,NA,NA
"193",2020-05-22,56041,32.5646196937,13,3.59000543769459,NA,NA,NA,NA,NA,NA,NA,NA,NA,NA,NA,NA,NA,NA,NA,NA,NA,NA,NA,NA,NA,NA,NA,NA,NA,NA,NA,NA,NA,NA,NA,NA,NA,NA,NA,NA,NA,NA,NA,NA,NA,NA,NA,NA,NA,NA,NA,NA,NA,NA,2.0328103971,NA,14.5798974404,8.324074213,NA,3.303529866,NA,NA,0.3119266,NA,0.824742256,NA,NA,1.7270283212,NA,1.4606106,NA,NA,NA
"194",2020-05-29,56041,38.5455829978,12,3.61007105753971,NA,NA,NA,NA,NA,NA,NA,NA,NA,NA,NA,NA,NA,NA,NA,NA,NA,NA,NA,NA,NA,NA,NA,NA,NA,NA,NA,NA,NA,NA,NA,NA,NA,NA,NA,NA,NA,NA,NA,NA,NA,NA,NA,NA,NA,NA,NA,NA,NA,NA,1.60419741,NA,16.1459685153,12.254768608,1.0287034125,3.472938099,NA,NA,0.693116625,NA,0.659678512,NA,NA,1.3531394,NA,1.333072416,NA,NA,NA
"195",2020-05-31,56041,32.0437654487,12,3.41961410754954,NA,NA,NA,NA,NA,NA,NA,NA,NA,NA,NA,NA,NA,NA,NA,NA,NA,NA,NA,NA,NA,NA,NA,NA,NA,NA,NA,NA,NA,NA,NA,NA,NA,NA,NA,NA,NA,NA,NA,NA,NA,NA,NA,NA,NA,NA,NA,NA,NA,NA,1.0399933317,NA,11.146667984,13.94020856,NA,NA,NA,NA,1.136865375,NA,1.00269544,NA,NA,2.081180868,NA,1.69615389,NA,NA,NA
"196",2020-06-01,56041,28.1777175702,12,3.56760213026205,NA,NA,NA,NA,NA,NA,NA,NA,NA,NA,NA,NA,NA,NA,NA,NA,NA,NA,NA,NA,NA,NA,NA,NA,NA,NA,NA,NA,NA,NA,NA,NA,NA,NA,NA,NA,NA,NA,NA,NA,NA,NA,NA,NA,NA,NA,NA,NA,NA,NA,0.82917494,NA,12.0865858654,9.859881408,NA,NA,NA,NA,0.8497079,NA,0.944219888,NA,NA,1.7033857688,NA,1.9047618,NA,NA,NA
"197",2020-06-03,56041,27.5588680052,13,3.63633110672145,NA,NA,NA,NA,NA,NA,NA,NA,NA,NA,NA,NA,NA,NA,NA,NA,NA,NA,NA,NA,NA,NA,NA,NA,NA,NA,NA,NA,NA,NA,NA,NA,NA,NA,NA,NA,NA,NA,NA,NA,NA,NA,NA,NA,NA,NA,NA,NA,NA,NA,1.4157571092,NA,11.82393095,7.878828496,NA,NA,NA,NA,0.8650519,NA,1.046728976,NA,NA,2.505514728,NA,2.023055846,NA,NA,NA
"198",2020-06-08,56041,33.5379391469,25,3.5489733459635,NA,NA,NA,NA,NA,NA,NA,NA,NA,NA,NA,NA,NA,NA,NA,NA,NA,NA,NA,NA,NA,NA,NA,NA,NA,NA,NA,NA,NA,NA,NA,NA,NA,NA,NA,NA,NA,NA,NA,NA,NA,NA,NA,NA,NA,NA,NA,NA,NA,NA,1.5152889939,NA,13.031661879,9.686807696,NA,3.403937863,NA,NA,0.882716016,NA,0.913560688,NA,NA,2.173410472,NA,1.930555539,NA,NA,NA
"199",2020-05-19,56041,20.9435121714,11,3.49950422095755,NA,NA,NA,NA,NA,NA,NA,NA,NA,NA,NA,NA,NA,NA,NA,NA,NA,NA,NA,NA,NA,NA,NA,NA,NA,NA,NA,NA,NA,NA,NA,NA,NA,NA,NA,NA,NA,NA,NA,NA,NA,NA,NA,NA,NA,NA,NA,NA,NA,NA,0.731866506,NA,7.969599236,8.764333175,NA,NA,NA,NA,0.28221512,NA,0.6847545,NA,NA,1.2211913544,NA,1.28955228,NA,NA,NA
"200",2020-06-04,56041,39.7033044058,13,3.58544751750804,NA,NA,NA,NA,NA,NA,NA,NA,NA,NA,NA,NA,NA,NA,NA,NA,NA,NA,NA,NA,NA,NA,NA,NA,NA,NA,NA,NA,NA,NA,NA,NA,NA,NA,NA,NA,NA,NA,NA,NA,NA,NA,NA,NA,NA,NA,NA,NA,NA,NA,1.265540556,NA,15.6097764718,13.253376849,NA,3.438512365,NA,NA,0.7460861,NA,0.980972528,NA,NA,2.22331432,NA,2.185725216,NA,NA,NA
"201",2020-04-24,56013,2.1481579463,72,3.45817411239068,NA,NA,NA,NA,NA,NA,NA,NA,NA,NA,NA,NA,NA,NA,NA,NA,NA,NA,NA,NA,NA,NA,NA,NA,NA,NA,NA,NA,NA,NA,NA,NA,NA,NA,NA,NA,NA,NA,NA,NA,NA,NA,NA,NA,NA,NA,NA,NA,NA,NA,NA,NA,0.228214176,NA,NA,NA,NA,NA,0.025876008,NA,0.047445256,NA,NA,NA,0.3754789199,0.1350781024,1.12759642,NA,0.208469064
"202",2020-05-12,56013,2.8957386032,193,3.39840311890482,NA,NA,NA,NA,NA,NA,NA,NA,NA,NA,NA,NA,NA,NA,NA,NA,NA,NA,NA,NA,NA,NA,NA,NA,NA,NA,NA,NA,NA,NA,NA,NA,NA,NA,NA,NA,NA,NA,NA,NA,NA,NA,NA,NA,NA,NA,NA,NA,NA,NA,NA,NA,0.541748175,NA,NA,NA,NA,NA,NA,NA,0.0360360345,0.2051282117,NA,NA,0.48582396,0.080464902,1.383825464,NA,0.162711856
"203",2020-05-04,56013,2.3678982112,137,3.45549782988645,NA,NA,NA,NA,NA,NA,NA,NA,NA,NA,NA,NA,NA,NA,NA,NA,NA,NA,NA,NA,NA,NA,NA,NA,NA,NA,NA,NA,NA,NA,NA,NA,NA,NA,NA,NA,NA,NA,NA,NA,NA,NA,NA,NA,NA,NA,NA,NA,NA,NA,NA,NA,NA,NA,NA,NA,NA,NA,0.033532936,NA,0.055499495,NA,NA,0.185976112,0.3959929344,0.0824553378,1.396011372,NA,0.218430024
"204",2020-05-09,56013,4.4716128671,180,3.48129072056717,NA,NA,NA,NA,NA,NA,NA,NA,NA,NA,NA,NA,NA,NA,NA,NA,NA,NA,NA,NA,NA,NA,NA,NA,NA,NA,NA,NA,NA,NA,NA,NA,NA,NA,NA,NA,NA,NA,NA,NA,NA,NA,NA,NA,NA,NA,NA,NA,NA,NA,NA,NA,NA,NA,NA,NA,NA,NA,0.043912176,NA,NA,NA,NA,NA,0.672897216,0.1748222471,3.288590508,NA,0.29139072
"205",2020-05-10,56013,2.6457471096,187,3.28070597625624,NA,NA,NA,NA,NA,NA,NA,NA,NA,NA,NA,NA,NA,NA,NA,NA,NA,NA,NA,NA,NA,NA,NA,NA,NA,NA,NA,NA,NA,NA,NA,NA,NA,NA,NA,NA,NA,NA,NA,NA,NA,NA,NA,NA,NA,NA,NA,NA,NA,NA,NA,NA,NA,NA,NA,NA,NA,NA,0.0460251048,NA,NA,NA,NA,NA,0.618448032,0.1711711748,1.63061563,NA,0.179487168
"206",2020-05-11,56013,2.9463572456,191,3.4657656136074,NA,NA,NA,NA,NA,NA,NA,NA,NA,NA,NA,NA,NA,NA,NA,NA,NA,NA,NA,NA,NA,NA,NA,NA,NA,NA,NA,NA,NA,NA,NA,NA,NA,NA,NA,NA,NA,NA,NA,NA,NA,NA,NA,NA,NA,NA,NA,NA,NA,NA,NA,NA,NA,NA,NA,NA,NA,NA,0.0461361032,NA,0.0319634705,NA,NA,0.197551786,0.446641488,0.07220216,1.936758908,0.0529411779,0.162162152
"207",2020-05-16,56013,4.626404886,220,3.47254806365405,NA,NA,NA,NA,NA,NA,NA,NA,NA,NA,NA,NA,NA,NA,NA,NA,NA,NA,NA,NA,NA,NA,NA,NA,NA,NA,NA,NA,NA,NA,NA,NA,NA,NA,NA,NA,NA,NA,NA,NA,NA,NA,NA,NA,NA,NA,NA,NA,NA,NA,NA,NA,NA,NA,NA,NA,NA,NA,0.0380818062,NA,0.0959634452,NA,NA,0.3490838219,0.69756798,0.1572175327,3.2884903,NA,NA
"208",2020-05-17,56013,2.645012626,223,3.35304988931392,NA,NA,NA,NA,NA,NA,NA,NA,NA,NA,NA,NA,NA,NA,NA,NA,NA,NA,NA,NA,NA,NA,NA,NA,NA,NA,NA,NA,NA,NA,NA,NA,NA,NA,NA,NA,NA,NA,NA,NA,NA,NA,NA,NA,NA,NA,NA,NA,NA,NA,NA,NA,NA,NA,NA,NA,NA,NA,0.044554455,NA,0.1320754736,NA,NA,NA,0.4584795488,0.2001657846,1.3062409,NA,0.503496464
"209",2020-05-18,56013,3.1099800593,224,3.45694493429651,NA,NA,NA,NA,NA,NA,NA,NA,NA,NA,NA,NA,NA,NA,NA,NA,NA,NA,NA,NA,NA,NA,NA,NA,NA,NA,NA,NA,NA,NA,NA,NA,NA,NA,NA,NA,NA,NA,NA,NA,NA,NA,NA,NA,NA,NA,NA,NA,NA,NA,NA,NA,NA,NA,NA,NA,NA,NA,0.081967209,NA,0.235398226,NA,NA,0.304303897,0.5053857522,0.1818181671,1.1777302,NA,0.623376608
"210",2020-05-23,56013,5.9126716634,244,3.46388520707143,NA,NA,NA,NA,NA,NA,NA,NA,NA,NA,NA,NA,NA,NA,NA,NA,NA,NA,NA,NA,NA,NA,NA,NA,NA,NA,NA,NA,NA,NA,NA,NA,NA,NA,NA,NA,NA,NA,NA,NA,NA,NA,NA,NA,NA,NA,NA,NA,NA,NA,NA,NA,NA,NA,NA,NA,NA,NA,0.1089743592,NA,0.275466288,NA,NA,0.6822033582,1.327892712,0.19060995,1.945946,NA,1.381578996
"211",2020-05-28,56013,5.989249951,261,3.58458382500536,NA,NA,NA,NA,NA,NA,NA,NA,NA,NA,NA,NA,NA,NA,NA,NA,NA,NA,NA,NA,NA,NA,NA,NA,NA,NA,NA,NA,NA,NA,NA,NA,NA,NA,NA,NA,NA,NA,NA,NA,NA,NA,NA,NA,NA,NA,NA,NA,NA,NA,NA,NA,NA,NA,NA,NA,NA,NA,0.1308874536,NA,0.195402304,NA,NA,NA,0.955284525,0.1924425334,3.0844156,NA,1.430817535
"212",2020-04-23,56025,7.3769814611,49,3.60393130010222,NA,NA,NA,NA,NA,NA,NA,NA,NA,NA,NA,NA,NA,NA,NA,NA,NA,NA,NA,NA,NA,NA,NA,NA,NA,NA,NA,NA,NA,NA,NA,NA,NA,NA,NA,NA,NA,NA,NA,NA,NA,NA,NA,NA,NA,NA,NA,NA,NA,NA,NA,NA,NA,NA,NA,NA,NA,NA,NA,0.51768036,0.188714148,3.80180192,1.66116506,0.9593441091,NA,NA,NA,NA,0.248275864
"213",2020-04-24,56025,7.632181344,49,3.65495718929147,NA,NA,NA,NA,NA,NA,NA,NA,NA,NA,NA,NA,NA,NA,NA,NA,NA,NA,NA,NA,NA,NA,NA,NA,NA,NA,NA,NA,NA,NA,NA,NA,NA,NA,NA,NA,NA,NA,NA,NA,NA,NA,NA,NA,NA,NA,NA,NA,NA,NA,NA,NA,NA,NA,NA,NA,NA,NA,NA,0.5778192,0.149635032,3.92419168,1.777777776,0.96822996,NA,NA,NA,NA,0.234527696
"214",2020-04-26,56025,6.6783087375,49,3.26518626961242,NA,NA,NA,NA,NA,NA,NA,NA,NA,NA,NA,NA,NA,NA,NA,NA,NA,NA,NA,NA,NA,NA,NA,NA,NA,NA,NA,NA,NA,NA,NA,NA,NA,NA,NA,NA,NA,NA,NA,NA,NA,NA,NA,NA,NA,NA,NA,NA,NA,NA,NA,NA,NA,NA,NA,NA,NA,NA,NA,0.371512491,0.251824824,3.04225344,2.312805495,0.6999124875,NA,NA,NA,NA,NA
"215",2020-05-04,56025,11.1401365824,48,3.66683615692621,NA,NA,NA,NA,NA,NA,NA,NA,NA,NA,NA,NA,NA,NA,NA,NA,NA,NA,NA,NA,NA,NA,NA,NA,NA,NA,NA,NA,NA,NA,NA,NA,NA,NA,NA,NA,NA,NA,NA,NA,NA,NA,NA,NA,NA,NA,NA,NA,NA,NA,NA,NA,NA,NA,NA,NA,NA,NA,NA,0.388386456,0.21695258,5.52101775,3.554890248,1.0095845764,NA,0.230874948,NA,NA,0.218430024
"216",2020-05-07,56025,14.970707316,48,3.71982546436959,NA,NA,NA,NA,NA,NA,NA,NA,NA,NA,NA,NA,NA,NA,NA,NA,NA,NA,NA,NA,NA,NA,NA,NA,NA,NA,NA,NA,NA,NA,NA,NA,NA,NA,NA,NA,NA,NA,NA,NA,NA,NA,NA,NA,NA,NA,NA,NA,NA,NA,NA,NA,NA,NA,NA,NA,NA,NA,NA,0.58113035,0.192139745,6.03654481,6.706913304,1.219451411,NA,NA,NA,NA,0.234527696
"217",2020-05-08,56025,13.6233296638,48,3.78767968923546,NA,NA,NA,NA,NA,NA,NA,NA,NA,NA,NA,NA,NA,NA,NA,NA,NA,NA,NA,NA,NA,NA,NA,NA,NA,NA,NA,NA,NA,NA,NA,NA,NA,NA,NA,NA,NA,NA,NA,NA,NA,NA,NA,NA,NA,NA,NA,NA,NA,NA,NA,NA,NA,NA,NA,NA,NA,NA,NA,0.708313975,0.20102652,5.71905281,5.484330425,1.3299607818,NA,NA,NA,NA,0.180645152
"218",2020-05-10,56025,13.3321963166,48,3.57471359753232,NA,NA,NA,NA,NA,NA,NA,NA,NA,NA,NA,NA,NA,NA,NA,NA,NA,NA,NA,NA,NA,NA,NA,NA,NA,NA,NA,NA,NA,NA,NA,NA,NA,NA,NA,NA,NA,NA,NA,NA,NA,NA,NA,NA,NA,NA,NA,NA,NA,NA,NA,NA,NA,NA,NA,NA,NA,NA,NA,0.622614514,0.16992353,5.46024646,5.489583407,1.4359822616,NA,NA,NA,NA,0.153846144
"219",2020-05-15,56025,18.244584459,50,3.79442632465311,NA,NA,NA,NA,NA,NA,NA,NA,NA,NA,NA,NA,NA,NA,NA,NA,NA,NA,NA,NA,NA,NA,NA,NA,NA,NA,NA,NA,NA,NA,NA,NA,NA,NA,NA,NA,NA,NA,NA,NA,NA,NA,NA,NA,NA,NA,NA,NA,NA,NA,NA,NA,NA,NA,NA,NA,NA,NA,NA,0.75697569,0.377740296,6.26824037,8.55239765,2.077821056,NA,NA,NA,NA,0.211409397
"220",2020-05-18,56025,16.559791135,62,3.78320082582918,NA,NA,NA,NA,NA,NA,NA,NA,NA,NA,NA,NA,NA,NA,NA,NA,NA,NA,NA,NA,NA,NA,NA,NA,NA,NA,NA,NA,NA,NA,NA,NA,NA,NA,NA,NA,NA,NA,NA,NA,NA,NA,NA,NA,NA,NA,NA,NA,NA,NA,NA,NA,NA,NA,NA,NA,NA,NA,NA,0.538033375,0.842477874,5.96112298,6.96045168,1.582380554,NA,NA,NA,NA,0.675324672
"221",2020-05-21,56025,18.50071972,67,3.78025301442231,NA,NA,NA,NA,NA,NA,NA,NA,NA,NA,NA,NA,NA,NA,NA,NA,NA,NA,NA,NA,NA,NA,NA,NA,NA,NA,NA,NA,NA,NA,NA,NA,NA,NA,NA,NA,NA,NA,NA,NA,NA,NA,NA,NA,NA,NA,NA,NA,NA,NA,NA,NA,NA,NA,NA,NA,NA,NA,NA,0.72224703,0.688548512,6.73989624,7.50000009,2.123955288,NA,NA,NA,NA,0.72607256
"222",2020-05-24,56025,22.4305248562,71,3.55941297423151,NA,NA,NA,NA,NA,NA,NA,NA,NA,NA,NA,NA,NA,NA,NA,NA,NA,NA,NA,NA,NA,NA,NA,NA,NA,NA,NA,NA,NA,NA,NA,NA,NA,NA,NA,NA,NA,NA,NA,NA,NA,NA,NA,NA,NA,NA,NA,NA,NA,NA,NA,NA,NA,NA,NA,NA,NA,NA,NA,0.78578106,0.660280048,6.28037376,12.540540608,1.6211764842,NA,NA,NA,NA,0.542372896
"223",2020-05-25,56025,27.6609839646,71,3.62821203265468,NA,NA,NA,NA,NA,NA,NA,NA,NA,NA,NA,NA,NA,NA,NA,NA,NA,NA,NA,NA,NA,NA,NA,NA,NA,NA,NA,NA,NA,NA,NA,NA,NA,NA,NA,NA,NA,NA,NA,NA,NA,NA,NA,NA,NA,NA,NA,NA,NA,NA,NA,NA,NA,NA,NA,NA,NA,NA,NA,0.57641922,0.778235792,5.73094152,17.830666398,1.4190631056,NA,NA,NA,NA,1.325657929
"224",2020-06-03,56025,24.0867601556,79,3.77905419098703,NA,NA,NA,NA,NA,NA,NA,NA,NA,NA,NA,NA,NA,NA,NA,NA,NA,NA,NA,NA,NA,NA,NA,NA,NA,NA,NA,NA,NA,NA,NA,NA,NA,NA,NA,NA,NA,NA,NA,NA,NA,NA,NA,NA,NA,NA,NA,NA,NA,NA,NA,NA,NA,NA,NA,NA,NA,NA,NA,0.6497817,0.6326384,6.64765752,13.818181395,1.7567401876,NA,NA,NA,NA,0.581760953
"225",2020-06-04,56025,21.2410086664,79,3.80386659911489,NA,NA,NA,NA,NA,NA,NA,NA,NA,NA,NA,NA,NA,NA,NA,NA,NA,NA,NA,NA,NA,NA,NA,NA,NA,NA,NA,NA,NA,NA,NA,NA,NA,NA,NA,NA,NA,NA,NA,NA,NA,NA,NA,NA,NA,NA,NA,NA,NA,NA,NA,NA,NA,NA,NA,NA,NA,NA,NA,0.93430656,0.811839344,7.29483312,9.758500815,1.4725847864,NA,NA,NA,NA,0.968944041
"226",2020-06-05,56025,26.803626688,82,3.8761725231339,NA,NA,NA,NA,NA,NA,NA,NA,NA,NA,NA,NA,NA,NA,NA,NA,NA,NA,NA,NA,NA,NA,NA,NA,NA,NA,NA,NA,NA,NA,NA,NA,NA,NA,NA,NA,NA,NA,NA,NA,NA,NA,NA,NA,NA,NA,NA,NA,NA,NA,NA,NA,NA,NA,NA,NA,NA,NA,NA,0.950495072,0.533333296,6.90243888,14.426350263,2.39164012,NA,NA,NA,NA,1.599369057
"227",2020-06-09,56025,24.296777657,87,3.80739087891025,NA,NA,NA,NA,NA,NA,NA,NA,NA,NA,NA,NA,NA,NA,NA,NA,NA,NA,NA,NA,NA,NA,NA,NA,NA,NA,NA,NA,NA,NA,NA,NA,NA,NA,NA,NA,NA,NA,NA,NA,NA,NA,NA,NA,NA,NA,NA,NA,NA,NA,NA,NA,NA,NA,NA,NA,NA,NA,NA,0.92633436,0.599064,6.8680044,13.02916647,2.21319146,NA,NA,NA,NA,0.661016967
"228",2020-06-10,56025,28.256997518,87,3.8097046898801,NA,NA,NA,NA,NA,NA,NA,NA,NA,NA,NA,NA,NA,NA,NA,NA,NA,NA,NA,NA,NA,NA,NA,NA,NA,NA,NA,NA,NA,NA,NA,NA,NA,NA,NA,NA,NA,NA,NA,NA,NA,NA,NA,NA,NA,NA,NA,NA,NA,NA,NA,NA,NA,NA,NA,NA,NA,NA,NA,1.344290623,0.788177376,6.43841304,16.629213992,2.078846096,NA,NA,NA,NA,0.978056391
"229",2020-04-26,56013,3.0241497966,91,3.11647278090559,NA,NA,NA,NA,NA,NA,NA,NA,NA,NA,NA,NA,NA,NA,NA,NA,NA,NA,NA,NA,NA,NA,NA,NA,NA,NA,NA,NA,NA,NA,NA,NA,NA,NA,NA,NA,NA,NA,NA,NA,NA,NA,NA,NA,NA,NA,NA,NA,NA,NA,NA,NA,NA,NA,NA,NA,NA,NA,NA,NA,0.04379562,NA,NA,NA,0.569427873,0.1387082784,2.21723521,NA,0.0549828152
"230",2020-04-27,56013,2.0553633026,106,3.42480507848386,NA,NA,NA,NA,NA,NA,NA,NA,NA,NA,NA,NA,NA,NA,NA,NA,NA,NA,NA,NA,NA,NA,NA,NA,NA,NA,NA,NA,NA,NA,NA,NA,NA,NA,NA,NA,NA,NA,NA,NA,NA,NA,NA,NA,NA,NA,NA,NA,NA,NA,NA,NA,NA,NA,NA,NA,NA,NA,NA,NA,0.053691276,NA,NA,NA,0.4395932884,0.1041860512,1.081081095,NA,0.376811592
"231",2020-05-01,56013,2.3703884588,120,3.53812556086332,NA,NA,NA,NA,NA,NA,NA,NA,NA,NA,NA,NA,NA,NA,NA,NA,NA,NA,NA,NA,NA,NA,NA,NA,NA,NA,NA,NA,NA,NA,NA,NA,NA,NA,NA,NA,NA,NA,NA,NA,NA,NA,NA,NA,NA,NA,NA,NA,NA,NA,NA,NA,NA,NA,NA,NA,NA,NA,NA,NA,0.02914238,0.1686747062,NA,0.16637019,0.595830935,0.1065989916,1.080168768,NA,0.223602488
"232",2020-05-06,56013,2.1760280624,164,3.48018692293463,NA,NA,NA,NA,NA,NA,NA,NA,NA,NA,NA,NA,NA,NA,NA,NA,NA,NA,NA,NA,NA,NA,NA,NA,NA,NA,NA,NA,NA,NA,NA,NA,NA,NA,NA,NA,NA,NA,NA,NA,NA,NA,NA,NA,NA,NA,NA,NA,NA,NA,NA,NA,NA,NA,NA,NA,NA,NA,NA,NA,0.05097706,NA,NA,NA,0.3405261696,0.1251543908,1.523316018,NA,0.136054424
"233",2020-05-08,56013,2.8760706599,175,3.57876857343529,NA,NA,NA,NA,NA,NA,NA,NA,NA,NA,NA,NA,NA,NA,NA,NA,NA,NA,NA,NA,NA,NA,NA,NA,NA,NA,NA,NA,NA,NA,NA,NA,NA,NA,NA,NA,NA,NA,NA,NA,NA,NA,NA,NA,NA,NA,NA,NA,NA,NA,NA,NA,NA,NA,NA,NA,NA,NA,NA,NA,0.07698888,NA,NA,NA,0.568621776,0.1187500019,1.879451938,NA,0.232258064
"234",2020-05-20,56013,3.6426470966,233,3.45746573377906,NA,NA,NA,NA,NA,NA,NA,NA,NA,NA,NA,NA,NA,NA,NA,NA,NA,NA,NA,NA,NA,NA,NA,NA,NA,NA,NA,NA,NA,NA,NA,NA,NA,NA,NA,NA,NA,NA,NA,NA,NA,NA,NA,NA,NA,NA,NA,NA,NA,NA,NA,NA,NA,NA,NA,NA,NA,NA,NA,NA,0.1465648864,NA,NA,0.2879746142,0.941801916,0.17206478,2.0942409,NA,NA
"235",2020-05-22,56013,5.238938281,238,3.69937220293627,NA,NA,NA,NA,NA,NA,NA,NA,NA,NA,NA,NA,NA,NA,NA,NA,NA,NA,NA,NA,NA,NA,NA,NA,NA,NA,NA,NA,NA,NA,NA,NA,NA,NA,NA,NA,NA,NA,NA,NA,NA,NA,NA,NA,NA,NA,NA,NA,NA,NA,NA,NA,NA,NA,NA,NA,NA,NA,NA,NA,0.341678944,NA,NA,NA,1.249729772,0.310968725,2.3668639,NA,0.96969694
"236",2020-05-24,56013,5.709052946,248,3.40225400410072,NA,NA,NA,NA,NA,NA,NA,NA,NA,NA,NA,NA,NA,NA,NA,NA,NA,NA,NA,NA,NA,NA,NA,NA,NA,NA,NA,NA,NA,NA,NA,NA,NA,NA,NA,NA,NA,NA,NA,NA,NA,NA,NA,NA,NA,NA,NA,NA,NA,NA,NA,NA,NA,NA,NA,NA,NA,NA,NA,NA,0.200442144,NA,NA,NA,1.500744253,0.192463525,1.754386,NA,2.061017024
"237",2020-05-26,56013,5.5427868105,250,3.52505490934826,NA,NA,NA,NA,NA,NA,NA,NA,NA,NA,NA,NA,NA,NA,NA,NA,NA,NA,NA,NA,NA,NA,NA,NA,NA,NA,NA,NA,NA,NA,NA,NA,NA,NA,NA,NA,NA,NA,NA,NA,NA,NA,NA,NA,NA,NA,NA,NA,NA,NA,NA,NA,NA,NA,NA,NA,NA,NA,NA,NA,0.183908048,NA,NA,0.357015066,1.082104056,0.1417975525,1.7683467,NA,2.009615388
"238",2020-05-27,56013,4.684183204,255,3.56818551711028,NA,NA,NA,NA,NA,NA,NA,NA,NA,NA,NA,NA,NA,NA,NA,NA,NA,NA,NA,NA,NA,NA,NA,NA,NA,NA,NA,NA,NA,NA,NA,NA,NA,NA,NA,NA,NA,NA,NA,NA,NA,NA,NA,NA,NA,NA,NA,NA,NA,NA,NA,NA,NA,NA,NA,NA,NA,NA,NA,NA,0.20062696,NA,NA,0.3865316,0.827586216,0.15139283,2.1630617,NA,0.954983898
"239",2020-05-29,56013,4.92326523,273,3.65985421863161,NA,NA,NA,NA,NA,NA,NA,NA,NA,NA,NA,NA,NA,NA,NA,NA,NA,NA,NA,NA,NA,NA,NA,NA,NA,NA,NA,NA,NA,NA,NA,NA,NA,NA,NA,NA,NA,NA,NA,NA,NA,NA,NA,NA,NA,NA,NA,NA,NA,NA,NA,NA,NA,NA,NA,NA,NA,NA,NA,NA,0.178895872,NA,NA,NA,0.99606816,0.223874768,2.5522042,NA,0.97222223
"240",2020-05-30,56013,5.8585170083,277,3.52842581000096,NA,NA,NA,NA,NA,NA,NA,NA,NA,NA,NA,NA,NA,NA,NA,NA,NA,NA,NA,NA,NA,NA,NA,NA,NA,NA,NA,NA,NA,NA,NA,NA,NA,NA,NA,NA,NA,NA,NA,NA,NA,NA,NA,NA,NA,NA,NA,NA,NA,NA,NA,NA,NA,NA,NA,NA,NA,NA,NA,NA,0.186173856,NA,NA,NA,0.993331552,0.2089783233,2.7932961,NA,1.676737177
"241",2020-05-31,56013,6.0382127928,278,3.31940898740868,NA,NA,NA,NA,NA,NA,NA,NA,NA,NA,NA,NA,NA,NA,NA,NA,NA,NA,NA,NA,NA,NA,NA,NA,NA,NA,NA,NA,NA,NA,NA,NA,NA,NA,NA,NA,NA,NA,NA,NA,NA,NA,NA,NA,NA,NA,NA,NA,NA,NA,NA,NA,NA,NA,NA,NA,NA,NA,NA,NA,0.215633424,NA,NA,0.4046741548,0.867784533,0.196153857,2.465078,NA,1.888888824
"242",2020-06-01,56013,4.353326039,282,3.56052629765457,NA,NA,NA,NA,NA,NA,NA,NA,NA,NA,NA,NA,NA,NA,NA,NA,NA,NA,NA,NA,NA,NA,NA,NA,NA,NA,NA,NA,NA,NA,NA,NA,NA,NA,NA,NA,NA,NA,NA,NA,NA,NA,NA,NA,NA,NA,NA,NA,NA,NA,NA,NA,NA,NA,NA,NA,NA,NA,NA,NA,0.284559424,NA,NA,0.32872364,0.962880914,0.218790207,1.4409222,NA,1.117449654
"243",2020-06-02,56013,6.01969123,283,3.55140513429887,NA,NA,NA,NA,NA,NA,NA,NA,NA,NA,NA,NA,NA,NA,NA,NA,NA,NA,NA,NA,NA,NA,NA,NA,NA,NA,NA,NA,NA,NA,NA,NA,NA,NA,NA,NA,NA,NA,NA,NA,NA,NA,NA,NA,NA,NA,NA,NA,NA,NA,NA,NA,NA,NA,NA,NA,NA,NA,NA,NA,0.230652496,0.306057384,NA,0.322470008,1.168767159,0.30624744,1.8296974,NA,1.855799343
"244",2020-06-03,56013,5.0683942489,285,3.62162086159014,NA,NA,NA,NA,NA,NA,NA,NA,NA,NA,NA,NA,NA,NA,NA,NA,NA,NA,NA,NA,NA,NA,NA,NA,NA,NA,NA,NA,NA,NA,NA,NA,NA,NA,NA,NA,NA,NA,NA,NA,NA,NA,NA,NA,NA,NA,NA,NA,NA,NA,NA,NA,NA,NA,NA,NA,NA,NA,NA,NA,0.207045296,NA,NA,0.316789212,1.108695638,0.2059398169,2.4154589,NA,0.814465386
"245",2020-06-07,56013,6.356705184,295,3.3031757146126,NA,NA,NA,NA,NA,NA,NA,NA,NA,NA,NA,NA,NA,NA,NA,NA,NA,NA,NA,NA,NA,NA,NA,NA,NA,NA,NA,NA,NA,NA,NA,NA,NA,NA,NA,NA,NA,NA,NA,NA,NA,NA,NA,NA,NA,NA,NA,NA,NA,NA,NA,NA,NA,NA,NA,NA,NA,NA,NA,NA,0.225352112,NA,NA,0.462413448,1.306346182,0.343426592,2.0494699,NA,1.96969695
"246",2020-06-08,56013,5.4814139658,297,3.55183587954816,NA,NA,NA,NA,NA,NA,NA,NA,NA,NA,NA,NA,NA,NA,NA,NA,NA,NA,NA,NA,NA,NA,NA,NA,NA,NA,NA,NA,NA,NA,NA,NA,NA,NA,NA,NA,NA,NA,NA,NA,NA,NA,NA,NA,NA,NA,NA,NA,NA,NA,NA,NA,NA,NA,NA,NA,NA,NA,NA,NA,0.329896928,NA,NA,0.392421236,1.529568489,0.2777777508,1.606922,NA,1.344827562
"247",2020-06-09,56013,5.7940077644,295,3.59387481030132,NA,NA,NA,NA,NA,NA,NA,NA,NA,NA,NA,NA,NA,NA,NA,NA,NA,NA,NA,NA,NA,NA,NA,NA,NA,NA,NA,NA,NA,NA,NA,NA,NA,NA,NA,NA,NA,NA,NA,NA,NA,NA,NA,NA,NA,NA,NA,NA,NA,NA,NA,NA,NA,NA,NA,NA,NA,NA,NA,NA,0.32449296,NA,NA,NA,1.379442333,0.3381682364,2.1654636,NA,1.586440635
"248",2020-06-10,56013,5.5752738595,296,3.70646066304688,NA,NA,NA,NA,NA,NA,NA,NA,NA,NA,NA,NA,NA,NA,NA,NA,NA,NA,NA,NA,NA,NA,NA,NA,NA,NA,NA,NA,NA,NA,NA,NA,NA,NA,NA,NA,NA,NA,NA,NA,NA,NA,NA,NA,NA,NA,NA,NA,NA,NA,NA,NA,NA,NA,NA,NA,NA,NA,NA,NA,0.281491904,NA,NA,NA,1.411716201,0.2811782715,2.13380276,NA,1.467084723
"249",2020-06-12,56013,6.768037788,303,3.80145746253886,NA,NA,NA,NA,NA,NA,NA,NA,NA,NA,NA,NA,NA,NA,NA,NA,NA,NA,NA,NA,NA,NA,NA,NA,NA,NA,NA,NA,NA,NA,NA,NA,NA,NA,NA,NA,NA,NA,NA,NA,NA,NA,NA,NA,NA,NA,NA,NA,NA,NA,NA,NA,NA,NA,NA,NA,NA,NA,NA,NA,0.31922278,NA,NA,NA,1.974779331,0.42238406,2.855332584,NA,1.196319033
"250",2020-04-30,56013,1.8212745688,116,3.43018355416808,NA,NA,NA,NA,NA,NA,NA,NA,NA,NA,NA,NA,NA,NA,NA,NA,NA,NA,NA,NA,NA,NA,NA,NA,NA,NA,NA,NA,NA,NA,NA,NA,NA,NA,NA,NA,NA,NA,NA,NA,NA,NA,NA,NA,NA,NA,NA,NA,NA,NA,NA,NA,NA,NA,NA,NA,NA,NA,NA,NA,NA,0.1427026964,NA,NA,0.560082054,0.060200676,0.7933884864,NA,0.264900656
"251",2020-05-15,56013,3.2504618096,214,3.59500892852485,NA,NA,NA,NA,NA,NA,NA,NA,NA,NA,NA,NA,NA,NA,NA,NA,NA,NA,NA,NA,NA,NA,NA,NA,NA,NA,NA,NA,NA,NA,NA,NA,NA,NA,NA,NA,NA,NA,NA,NA,NA,NA,NA,NA,NA,NA,NA,NA,NA,NA,NA,NA,NA,NA,NA,NA,NA,NA,NA,NA,NA,NA,NA,0.288586238,0.76367675,0.1329037336,1.823684346,NA,0.241610742
"252",2020-04-25,56013,4.2033948252,83,3.37843389630029,NA,NA,NA,NA,NA,NA,NA,NA,NA,NA,NA,NA,NA,NA,NA,NA,NA,NA,NA,NA,NA,NA,NA,NA,NA,NA,NA,NA,NA,NA,NA,NA,NA,NA,NA,NA,NA,NA,NA,NA,NA,NA,NA,NA,NA,NA,NA,NA,NA,NA,NA,NA,NA,NA,NA,NA,NA,NA,NA,NA,NA,NA,NA,NA,0.539241227,0.1456350832,3.518518515,NA,NA
"253",2020-05-02,56013,3.078211448,128,3.35846447214644,NA,NA,NA,NA,NA,NA,NA,NA,NA,NA,NA,NA,NA,NA,NA,NA,NA,NA,NA,NA,NA,NA,NA,NA,NA,NA,NA,NA,NA,NA,NA,NA,NA,NA,NA,NA,NA,NA,NA,NA,NA,NA,NA,NA,NA,NA,NA,NA,NA,NA,NA,NA,NA,NA,NA,NA,NA,NA,NA,NA,NA,NA,NA,NA,0.527015328,0.134161488,2.290050496,NA,0.126984136
"254",2020-05-25,56013,5.925813013,249,3.46945307868363,NA,NA,NA,NA,NA,NA,NA,NA,NA,NA,NA,NA,NA,NA,NA,NA,NA,NA,NA,NA,NA,NA,NA,NA,NA,NA,NA,NA,NA,NA,NA,NA,NA,NA,NA,NA,NA,NA,NA,NA,NA,NA,NA,NA,NA,NA,NA,NA,NA,NA,NA,NA,NA,NA,NA,NA,NA,NA,NA,NA,NA,NA,NA,NA,1.377460776,0.281015825,2.5337838,NA,1.733552612
"255",2020-06-05,56013,6.49481535,289,3.73301586590036,NA,NA,NA,NA,NA,NA,NA,NA,NA,NA,NA,NA,NA,NA,NA,NA,NA,NA,NA,NA,NA,NA,NA,NA,NA,NA,NA,NA,NA,NA,NA,NA,NA,NA,NA,NA,NA,NA,NA,NA,NA,NA,NA,NA,NA,NA,NA,NA,NA,NA,NA,NA,NA,NA,NA,NA,NA,NA,NA,NA,NA,NA,NA,NA,1.60574409,0.337858208,3.4439575,NA,1.107255552
